[
   {
     "date": "2019-12-31 09:00",
     "day": 31,
     "open": 7228.7,
     "high": 7234.58,
     "low": 7182.26,
     "close": 7183.03
   },
   {
     "date": "2019-12-31 10:00",
     "day": 31,
     "open": 7182.41,
     "high": 7206.59,
     "low": 7176.55,
     "close": 7197.28
   },
   {
     "date": "2019-12-31 11:00",
     "day": 31,
     "open": 7197.17,
     "high": 7197.54,
     "low": 7142.38,
     "close": 7149.72
   },
   {
     "date": "2019-12-31 12:00",
     "day": 31,
     "open": 7149.75,
     "high": 7156.18,
     "low": 7130.68,
     "close": 7151.49
   },
   {
     "date": "2019-12-31 13:00",
     "day": 31,
     "open": 7151.49,
     "high": 7165.57,
     "low": 7142.71,
     "close": 7157.7
   },
   {
     "date": "2019-12-31 14:00",
     "day": 31,
     "open": 7157.7,
     "high": 7167.76,
     "low": 7151.11,
     "close": 7155.01
   },
   {
     "date": "2019-12-31 15:00",
     "day": 31,
     "open": 7155.01,
     "high": 7169.7,
     "low": 7152.38,
     "close": 7169.31
   },
   {
     "date": "2019-12-31 16:00",
     "day": 1,
     "open": 7169.31,
     "high": 7189.68,
     "low": 7166.26,
     "close": 7184.84
   },
   {
     "date": "2019-12-31 17:00",
     "day": 1,
     "open": 7184.84,
     "high": 7189.01,
     "low": 7170.33,
     "close": 7179.71
   },
   {
     "date": "2019-12-31 18:00",
     "day": 1,
     "open": 7179.71,
     "high": 7179.91,
     "low": 7163.85,
     "close": 7165.01
   },
   {
     "date": "2019-12-31 19:00",
     "day": 1,
     "open": 7165.01,
     "high": 7213.72,
     "low": 7162.46,
     "close": 7203.9
   },
   {
     "date": "2019-12-31 20:00",
     "day": 1,
     "open": 7203.9,
     "high": 7232.65,
     "low": 7203.9,
     "close": 7232.56
   },
   {
     "date": "2019-12-31 21:00",
     "day": 1,
     "open": 7232.56,
     "high": 7232.62,
     "low": 7205.86,
     "close": 7211.21
   },
   {
     "date": "2019-12-31 22:00",
     "day": 1,
     "open": 7210.94,
     "high": 7212.98,
     "low": 7200.03,
     "close": 7200.55
   },
   {
     "date": "2019-12-31 23:00",
     "day": 1,
     "open": 7199.54,
     "high": 7211.88,
     "low": 7198.62,
     "close": 7209.06
   },
   {
     "date": "2020-01-01 00:00",
     "day": 1,
     "open": 7209.06,
     "high": 7218.61,
     "low": 7208.39,
     "close": 7212.41
   },
   {
     "date": "2020-01-01 01:00",
     "day": 1,
     "open": 7212.35,
     "high": 7218.62,
     "low": 7184.89,
     "close": 7194.13
   },
   {
     "date": "2020-01-01 02:00",
     "day": 1,
     "open": 7194.13,
     "high": 7194.18,
     "low": 7166.99,
     "close": 7183.84
   },
   {
     "date": "2020-01-01 03:00",
     "day": 1,
     "open": 7183.84,
     "high": 7195.13,
     "low": 7178.24,
     "close": 7179.6
   },
   {
     "date": "2020-01-01 04:00",
     "day": 1,
     "open": 7179.65,
     "high": 7195.03,
     "low": 7175.75,
     "close": 7190.9
   },
   {
     "date": "2020-01-01 05:00",
     "day": 1,
     "open": 7190.9,
     "high": 7222.64,
     "low": 7179.85,
     "close": 7182.53
   },
   {
     "date": "2020-01-01 06:00",
     "day": 1,
     "open": 7182.53,
     "high": 7214.71,
     "low": 7179.89,
     "close": 7214.34
   },
   {
     "date": "2020-01-01 07:00",
     "day": 1,
     "open": 7214.34,
     "high": 7220.74,
     "low": 7206.9,
     "close": 7209.69
   },
   {
     "date": "2020-01-01 08:00",
     "day": 1,
     "open": 7210.7,
     "high": 7223.63,
     "low": 7200.46,
     "close": 7207.35
   },
   {
     "date": "2020-01-01 09:00",
     "day": 1,
     "open": 7207.35,
     "high": 7242.97,
     "low": 7206.76,
     "close": 7225.07
   },
   {
     "date": "2020-01-01 10:00",
     "day": 1,
     "open": 7225.07,
     "high": 7235.02,
     "low": 7212.77,
     "close": 7232.65
   },
   {
     "date": "2020-01-01 11:00",
     "day": 1,
     "open": 7233.53,
     "high": 7241.27,
     "low": 7220.56,
     "close": 7233.94
   },
   {
     "date": "2020-01-01 12:00",
     "day": 1,
     "open": 7233.93,
     "high": 7240.24,
     "low": 7226.19,
     "close": 7234.82
   },
   {
     "date": "2020-01-01 13:00",
     "day": 1,
     "open": 7234.72,
     "high": 7234.82,
     "low": 7223.2,
     "close": 7225.13
   },
   {
     "date": "2020-01-01 14:00",
     "day": 1,
     "open": 7225.13,
     "high": 7233.89,
     "low": 7222.15,
     "close": 7231.29
   },
   {
     "date": "2020-01-01 15:00",
     "day": 1,
     "open": 7231.27,
     "high": 7235.52,
     "low": 7225.05,
     "close": 7232.7
   },
   {
     "date": "2020-01-01 16:00",
     "day": 1,
     "open": 7232.69,
     "high": 7232.87,
     "low": 7188.24,
     "close": 7196.5
   },
   {
     "date": "2020-01-01 17:00",
     "day": 2,
     "open": 7196.5,
     "high": 7197.06,
     "low": 7177.22,
     "close": 7191.07
   },
   {
     "date": "2020-01-01 18:00",
     "day": 2,
     "open": 7191.07,
     "high": 7198.29,
     "low": 7184.09,
     "close": 7198.05
   },
   {
     "date": "2020-01-01 19:00",
     "day": 2,
     "open": 7198.04,
     "high": 7199.09,
     "low": 7181.7,
     "close": 7186.2
   },
   {
     "date": "2020-01-01 20:00",
     "day": 2,
     "open": 7186.25,
     "high": 7186.25,
     "low": 7158.16,
     "close": 7167.15
   },
   {
     "date": "2020-01-01 21:00",
     "day": 2,
     "open": 7167.08,
     "high": 7167.08,
     "low": 7124.3,
     "close": 7124.96
   },
   {
     "date": "2020-01-01 22:00",
     "day": 2,
     "open": 7124.97,
     "high": 7147.75,
     "low": 7117.66,
     "close": 7136.37
   },
   {
     "date": "2020-01-01 23:00",
     "day": 2,
     "open": 7135.39,
     "high": 7142.82,
     "low": 7127.2,
     "close": 7130.33
   },
   {
     "date": "2020-01-02 00:00",
     "day": 2,
     "open": 7130.33,
     "high": 7138.4,
     "low": 7122.01,
     "close": 7128.61
   },
   {
     "date": "2020-01-02 01:00",
     "day": 2,
     "open": 7128.61,
     "high": 7134.27,
     "low": 7100.44,
     "close": 7110.49
   },
   {
     "date": "2020-01-02 02:00",
     "day": 2,
     "open": 7110.49,
     "high": 7145.8,
     "low": 7108.13,
     "close": 7144.9
   },
   {
     "date": "2020-01-02 03:00",
     "day": 2,
     "open": 7144.9,
     "high": 7157.52,
     "low": 7135.3,
     "close": 7157.52
   },
   {
     "date": "2020-01-02 04:00",
     "day": 2,
     "open": 7157.52,
     "high": 7176.31,
     "low": 7155.81,
     "close": 7160.43
   },
   {
     "date": "2020-01-02 05:00",
     "day": 2,
     "open": 7160.43,
     "high": 7162.47,
     "low": 7141.77,
     "close": 7141.77
   },
   {
     "date": "2020-01-02 06:00",
     "day": 2,
     "open": 7141.77,
     "high": 7155.49,
     "low": 7139.74,
     "close": 7148
   },
   {
     "date": "2020-01-02 07:00",
     "day": 2,
     "open": 7148,
     "high": 7151.95,
     "low": 7106.52,
     "close": 7129.5
   },
   {
     "date": "2020-01-02 08:00",
     "day": 2,
     "open": 7129.59,
     "high": 7149.62,
     "low": 7122.68,
     "close": 7134.09
   },
   {
     "date": "2020-01-02 09:00",
     "day": 2,
     "open": 7134.06,
     "high": 7145.22,
     "low": 7118.44,
     "close": 7129.62
   },
   {
     "date": "2020-01-02 10:00",
     "day": 2,
     "open": 7129.36,
     "high": 7138,
     "low": 7040.84,
     "close": 7046.97
   },
   {
     "date": "2020-01-02 11:00",
     "day": 2,
     "open": 7046.97,
     "high": 7046.97,
     "low": 6931.12,
     "close": 6963.76
   },
   {
     "date": "2020-01-02 12:00",
     "day": 2,
     "open": 6963.33,
     "high": 6978.25,
     "low": 6947.76,
     "close": 6971.46
   },
   {
     "date": "2020-01-02 13:00",
     "day": 2,
     "open": 6971.46,
     "high": 6986.76,
     "low": 6957.76,
     "close": 6980.68
   },
   {
     "date": "2020-01-02 14:00",
     "day": 2,
     "open": 6980.68,
     "high": 6982.24,
     "low": 6947.39,
     "close": 6950.56
   },
   {
     "date": "2020-01-02 15:00",
     "day": 2,
     "open": 6950.62,
     "high": 6979.45,
     "low": 6946.46,
     "close": 6973.14
   },
   {
     "date": "2020-01-02 16:00",
     "day": 2,
     "open": 6973.14,
     "high": 6974.4,
     "low": 6963.11,
     "close": 6968.93
   },
   {
     "date": "2020-01-02 17:00",
     "day": 3,
     "open": 6968.93,
     "high": 6970.19,
     "low": 6953.28,
     "close": 6959.58
   },
   {
     "date": "2020-01-02 18:00",
     "day": 3,
     "open": 6959.58,
     "high": 6959.68,
     "low": 6922.93,
     "close": 6933.37
   },
   {
     "date": "2020-01-02 19:00",
     "day": 3,
     "open": 6933.37,
     "high": 6941.35,
     "low": 6880.97,
     "close": 6882.67
   },
   {
     "date": "2020-01-02 20:00",
     "day": 3,
     "open": 6882.67,
     "high": 6956.43,
     "low": 6873.41,
     "close": 6954.38
   },
   {
     "date": "2020-01-02 21:00",
     "day": 3,
     "open": 6954.35,
     "high": 6960.2,
     "low": 6942.53,
     "close": 6950.94
   },
   {
     "date": "2020-01-02 22:00",
     "day": 3,
     "open": 6950.93,
     "high": 7258.6,
     "low": 6949.66,
     "close": 7209.24
   },
   {
     "date": "2020-01-02 23:00",
     "day": 3,
     "open": 7209.27,
     "high": 7242.62,
     "low": 7171.84,
     "close": 7208.16
   },
   {
     "date": "2020-01-03 00:00",
     "day": 3,
     "open": 7208.21,
     "high": 7214.99,
     "low": 7192.9,
     "close": 7203.72
   },
   {
     "date": "2020-01-03 01:00",
     "day": 3,
     "open": 7203.69,
     "high": 7227.72,
     "low": 7195.92,
     "close": 7202.68
   },
   {
     "date": "2020-01-03 02:00",
     "day": 3,
     "open": 7202.68,
     "high": 7294.99,
     "low": 7202.49,
     "close": 7256.67
   },
   {
     "date": "2020-01-03 03:00",
     "day": 3,
     "open": 7257.21,
     "high": 7353.58,
     "low": 7257.12,
     "close": 7350.15
   },
   {
     "date": "2020-01-03 04:00",
     "day": 3,
     "open": 7349.66,
     "high": 7369.59,
     "low": 7289.76,
     "close": 7313.28
   },
   {
     "date": "2020-01-03 05:00",
     "day": 3,
     "open": 7313.28,
     "high": 7343.57,
     "low": 7310.39,
     "close": 7337.05
   },
   {
     "date": "2020-01-03 06:00",
     "day": 3,
     "open": 7337.05,
     "high": 7347,
     "low": 7307.45,
     "close": 7324.68
   },
   {
     "date": "2020-01-03 07:00",
     "day": 3,
     "open": 7324.7,
     "high": 7374.26,
     "low": 7317.39,
     "close": 7354.14
   },
   {
     "date": "2020-01-03 08:00",
     "day": 3,
     "open": 7354.12,
     "high": 7358.01,
     "low": 7244.49,
     "close": 7258.13
   },
   {
     "date": "2020-01-03 09:00",
     "day": 3,
     "open": 7258.13,
     "high": 7317.48,
     "low": 7258.12,
     "close": 7316.28
   },
   {
     "date": "2020-01-03 10:00",
     "day": 3,
     "open": 7316.28,
     "high": 7398.98,
     "low": 7301.07,
     "close": 7393.07
   },
   {
     "date": "2020-01-03 11:00",
     "day": 3,
     "open": 7392.97,
     "high": 7403.53,
     "low": 7341.07,
     "close": 7362.82
   },
   {
     "date": "2020-01-03 12:00",
     "day": 3,
     "open": 7362.82,
     "high": 7368.22,
     "low": 7339.09,
     "close": 7342.56
   },
   {
     "date": "2020-01-03 13:00",
     "day": 3,
     "open": 7342.57,
     "high": 7348.96,
     "low": 7291.81,
     "close": 7336.27
   },
   {
     "date": "2020-01-03 14:00",
     "day": 3,
     "open": 7337.71,
     "high": 7356.13,
     "low": 7308.37,
     "close": 7318.44
   },
   {
     "date": "2020-01-03 15:00",
     "day": 3,
     "open": 7318.44,
     "high": 7332.9,
     "low": 7270.91,
     "close": 7277.03
   },
   {
     "date": "2020-01-03 16:00",
     "day": 3,
     "open": 7277.03,
     "high": 7314.34,
     "low": 7258.21,
     "close": 7303.03
   },
   {
     "date": "2020-01-03 17:00",
     "day": 6,
     "open": 7302.74,
     "high": 7336.97,
     "low": 7298.05,
     "close": 7335.94
   },
   {
     "date": "2020-01-03 18:00",
     "day": 6,
     "open": 7335.98,
     "high": 7347.6,
     "low": 7293.36,
     "close": 7307.32
   },
   {
     "date": "2020-01-03 19:00",
     "day": 6,
     "open": 7307.32,
     "high": 7307.59,
     "low": 7287.96,
     "close": 7305.93
   },
   {
     "date": "2020-01-03 20:00",
     "day": 6,
     "open": 7305.93,
     "high": 7327.05,
     "low": 7297.37,
     "close": 7325.1
   },
   {
     "date": "2020-01-03 21:00",
     "day": 6,
     "open": 7325.1,
     "high": 7336.59,
     "low": 7319.88,
     "close": 7332.43
   },
   {
     "date": "2020-01-03 22:00",
     "day": 6,
     "open": 7332.44,
     "high": 7336.72,
     "low": 7313.77,
     "close": 7332.75
   },
   {
     "date": "2020-01-03 23:00",
     "day": 6,
     "open": 7332.71,
     "high": 7362.39,
     "low": 7326.97,
     "close": 7342.86
   },
   {
     "date": "2020-01-04 00:00",
     "day": 6,
     "open": 7342.86,
     "high": 7362.2,
     "low": 7339.91,
     "close": 7353.31
   },
   {
     "date": "2020-01-04 01:00",
     "day": 6,
     "open": 7353.31,
     "high": 7360.84,
     "low": 7327.38,
     "close": 7346.88
   },
   {
     "date": "2020-01-04 02:00",
     "day": 6,
     "open": 7346.88,
     "high": 7352.96,
     "low": 7335.31,
     "close": 7342.87
   },
   {
     "date": "2020-01-04 03:00",
     "day": 6,
     "open": 7342.87,
     "high": 7359.35,
     "low": 7336.31,
     "close": 7355.59
   },
   {
     "date": "2020-01-04 04:00",
     "day": 6,
     "open": 7355.59,
     "high": 7360.43,
     "low": 7311.35,
     "close": 7312.16
   },
   {
     "date": "2020-01-04 05:00",
     "day": 6,
     "open": 7312.16,
     "high": 7329.47,
     "low": 7302.29,
     "close": 7328.79
   },
   {
     "date": "2020-01-04 06:00",
     "day": 6,
     "open": 7328.59,
     "high": 7329.15,
     "low": 7302.16,
     "close": 7303.59
   },
   {
     "date": "2020-01-04 07:00",
     "day": 6,
     "open": 7303.73,
     "high": 7317.51,
     "low": 7290.29,
     "close": 7296.54
   },
   {
     "date": "2020-01-04 08:00",
     "day": 6,
     "open": 7294.9,
     "high": 7314.69,
     "low": 7292.46,
     "close": 7311.5
   },
   {
     "date": "2020-01-04 09:00",
     "day": 6,
     "open": 7311.31,
     "high": 7322.38,
     "low": 7302.81,
     "close": 7315.35
   },
   {
     "date": "2020-01-04 10:00",
     "day": 6,
     "open": 7314.92,
     "high": 7318.62,
     "low": 7298.09,
     "close": 7309.41
   },
   {
     "date": "2020-01-04 11:00",
     "day": 6,
     "open": 7309.4,
     "high": 7339.7,
     "low": 7307.03,
     "close": 7339.7
   },
   {
     "date": "2020-01-04 12:00",
     "day": 6,
     "open": 7339.7,
     "high": 7400.69,
     "low": 7284.8,
     "close": 7299.32
   },
   {
     "date": "2020-01-04 13:00",
     "day": 6,
     "open": 7299.66,
     "high": 7347.2,
     "low": 7282.6,
     "close": 7332.12
   },
   {
     "date": "2020-01-04 14:00",
     "day": 6,
     "open": 7332.12,
     "high": 7344.6,
     "low": 7312.94,
     "close": 7339.05
   },
   {
     "date": "2020-01-04 15:00",
     "day": 6,
     "open": 7339.05,
     "high": 7362.45,
     "low": 7332.31,
     "close": 7351.4
   },
   {
     "date": "2020-01-04 16:00",
     "day": 6,
     "open": 7351.28,
     "high": 7359.84,
     "low": 7340.95,
     "close": 7348.71
   },
   {
     "date": "2020-01-04 17:00",
     "day": 6,
     "open": 7348.71,
     "high": 7355.8,
     "low": 7334.77,
     "close": 7353.27
   },
   {
     "date": "2020-01-04 18:00",
     "day": 6,
     "open": 7353.27,
     "high": 7393.52,
     "low": 7351.5,
     "close": 7377.56
   },
   {
     "date": "2020-01-04 19:00",
     "day": 6,
     "open": 7377.56,
     "high": 7479.35,
     "low": 7377.46,
     "close": 7462.13
   },
   {
     "date": "2020-01-04 20:00",
     "day": 6,
     "open": 7462.13,
     "high": 7482.7,
     "low": 7436.55,
     "close": 7447.37
   },
   {
     "date": "2020-01-04 21:00",
     "day": 6,
     "open": 7447.2,
     "high": 7479.93,
     "low": 7447.2,
     "close": 7479.39
   },
   {
     "date": "2020-01-04 22:00",
     "day": 6,
     "open": 7479.39,
     "high": 7496.18,
     "low": 7453.31,
     "close": 7458.05
   },
   {
     "date": "2020-01-04 23:00",
     "day": 6,
     "open": 7458.05,
     "high": 7469.54,
     "low": 7452.42,
     "close": 7466.05
   },
   {
     "date": "2020-01-05 00:00",
     "day": 6,
     "open": 7466.07,
     "high": 7482.93,
     "low": 7453.39,
     "close": 7468.3
   },
   {
     "date": "2020-01-05 01:00",
     "day": 6,
     "open": 7468.3,
     "high": 7477.29,
     "low": 7456,
     "close": 7472.24
   },
   {
     "date": "2020-01-05 02:00",
     "day": 6,
     "open": 7472.26,
     "high": 7478.55,
     "low": 7424.21,
     "close": 7432.92
   },
   {
     "date": "2020-01-05 03:00",
     "day": 6,
     "open": 7432.93,
     "high": 7440.77,
     "low": 7413.35,
     "close": 7431.61
   },
   {
     "date": "2020-01-05 04:00",
     "day": 6,
     "open": 7431.81,
     "high": 7436.42,
     "low": 7412.55,
     "close": 7421.75
   },
   {
     "date": "2020-01-05 05:00",
     "day": 6,
     "open": 7421.75,
     "high": 7444.17,
     "low": 7417.82,
     "close": 7429.02
   },
   {
     "date": "2020-01-05 06:00",
     "day": 6,
     "open": 7429,
     "high": 7460.8,
     "low": 7427.7,
     "close": 7460.64
   },
   {
     "date": "2020-01-05 07:00",
     "day": 6,
     "open": 7460.65,
     "high": 7461.13,
     "low": 7421.02,
     "close": 7437.11
   },
   {
     "date": "2020-01-05 08:00",
     "day": 6,
     "open": 7437.11,
     "high": 7446.22,
     "low": 7432.09,
     "close": 7439.72
   },
   {
     "date": "2020-01-05 09:00",
     "day": 6,
     "open": 7439.67,
     "high": 7475.6,
     "low": 7436.8,
     "close": 7467.91
   },
   {
     "date": "2020-01-05 10:00",
     "day": 6,
     "open": 7467.91,
     "high": 7481.43,
     "low": 7454.14,
     "close": 7462.75
   },
   {
     "date": "2020-01-05 11:00",
     "day": 6,
     "open": 7463.14,
     "high": 7470.49,
     "low": 7453.72,
     "close": 7467.15
   },
   {
     "date": "2020-01-05 12:00",
     "day": 6,
     "open": 7467.11,
     "high": 7469.49,
     "low": 7426.78,
     "close": 7437.62
   },
   {
     "date": "2020-01-05 13:00",
     "day": 6,
     "open": 7437.61,
     "high": 7444.45,
     "low": 7430.49,
     "close": 7442.06
   },
   {
     "date": "2020-01-05 14:00",
     "day": 6,
     "open": 7442.06,
     "high": 7442.08,
     "low": 7426.6,
     "close": 7432.74
   },
   {
     "date": "2020-01-05 15:00",
     "day": 6,
     "open": 7432.74,
     "high": 7432.74,
     "low": 7372.89,
     "close": 7373.28
   },
   {
     "date": "2020-01-05 16:00",
     "day": 6,
     "open": 7373.27,
     "high": 7380.38,
     "low": 7322.85,
     "close": 7351.65
   },
   {
     "date": "2020-01-05 17:00",
     "day": 6,
     "open": 7351.58,
     "high": 7360.64,
     "low": 7328.73,
     "close": 7358.88
   },
   {
     "date": "2020-01-05 18:00",
     "day": 6,
     "open": 7358.88,
     "high": 7380.74,
     "low": 7349.61,
     "close": 7379.72
   },
   {
     "date": "2020-01-05 19:00",
     "day": 6,
     "open": 7380.34,
     "high": 7423.89,
     "low": 7371.94,
     "close": 7423.75
   },
   {
     "date": "2020-01-05 20:00",
     "day": 6,
     "open": 7423.75,
     "high": 7561.22,
     "low": 7422.68,
     "close": 7551.76
   },
   {
     "date": "2020-01-05 21:00",
     "day": 6,
     "open": 7551.87,
     "high": 7580.51,
     "low": 7496.94,
     "close": 7540.72
   },
   {
     "date": "2020-01-05 22:00",
     "day": 6,
     "open": 7540.94,
     "high": 7553.23,
     "low": 7524.95,
     "close": 7532.16
   },
   {
     "date": "2020-01-05 23:00",
     "day": 6,
     "open": 7532.89,
     "high": 7540.22,
     "low": 7502.75,
     "close": 7528.12
   },
   {
     "date": "2020-01-06 00:00",
     "day": 6,
     "open": 7527.58,
     "high": 7529.1,
     "low": 7512.08,
     "close": 7513.55
   },
   {
     "date": "2020-01-06 01:00",
     "day": 6,
     "open": 7513.6,
     "high": 7525.06,
     "low": 7511.6,
     "close": 7512.02
   },
   {
     "date": "2020-01-06 02:00",
     "day": 6,
     "open": 7512.01,
     "high": 7550.38,
     "low": 7509.92,
     "close": 7548.4
   },
   {
     "date": "2020-01-06 03:00",
     "day": 6,
     "open": 7548.78,
     "high": 7549.5,
     "low": 7515.9,
     "close": 7544.09
   },
   {
     "date": "2020-01-06 04:00",
     "day": 6,
     "open": 7544.09,
     "high": 7567.97,
     "low": 7537.2,
     "close": 7562.53
   },
   {
     "date": "2020-01-06 05:00",
     "day": 6,
     "open": 7562.53,
     "high": 7575.63,
     "low": 7530.78,
     "close": 7542.15
   },
   {
     "date": "2020-01-06 06:00",
     "day": 6,
     "open": 7542.72,
     "high": 7561.01,
     "low": 7539.14,
     "close": 7558.62
   },
   {
     "date": "2020-01-06 07:00",
     "day": 6,
     "open": 7558.81,
     "high": 7606.28,
     "low": 7505.65,
     "close": 7526.43
   },
   {
     "date": "2020-01-06 08:00",
     "day": 6,
     "open": 7526.43,
     "high": 7553.27,
     "low": 7510.55,
     "close": 7547.77
   },
   {
     "date": "2020-01-06 09:00",
     "day": 6,
     "open": 7547.77,
     "high": 7549.92,
     "low": 7524.56,
     "close": 7524.56
   },
   {
     "date": "2020-01-06 10:00",
     "day": 6,
     "open": 7524.41,
     "high": 7546.59,
     "low": 7515.92,
     "close": 7530.78
   },
   {
     "date": "2020-01-06 11:00",
     "day": 6,
     "open": 7530.78,
     "high": 7556.43,
     "low": 7529.54,
     "close": 7556.43
   },
   {
     "date": "2020-01-06 12:00",
     "day": 6,
     "open": 7556.43,
     "high": 7556.51,
     "low": 7531.22,
     "close": 7533.4
   },
   {
     "date": "2020-01-06 13:00",
     "day": 6,
     "open": 7533.4,
     "high": 7548.3,
     "low": 7524.54,
     "close": 7540.95
   },
   {
     "date": "2020-01-06 14:00",
     "day": 6,
     "open": 7540.95,
     "high": 7554.99,
     "low": 7536.91,
     "close": 7551.69
   },
   {
     "date": "2020-01-06 15:00",
     "day": 6,
     "open": 7551.74,
     "high": 7605.74,
     "low": 7551.53,
     "close": 7580.59
   },
   {
     "date": "2020-01-06 16:00",
     "day": 6,
     "open": 7580.59,
     "high": 7756.19,
     "low": 7580.43,
     "close": 7719.12
   },
   {
     "date": "2020-01-06 17:00",
     "day": 7,
     "open": 7718.91,
     "high": 7794.39,
     "low": 7718.91,
     "close": 7762.73
   },
   {
     "date": "2020-01-06 18:00",
     "day": 7,
     "open": 7763.45,
     "high": 7978.83,
     "low": 7763.45,
     "close": 7887.14
   },
   {
     "date": "2020-01-06 19:00",
     "day": 7,
     "open": 7887.14,
     "high": 7916.06,
     "low": 7869.66,
     "close": 7906.63
   },
   {
     "date": "2020-01-06 20:00",
     "day": 7,
     "open": 7907.14,
     "high": 7938.59,
     "low": 7898,
     "close": 7898.15
   },
   {
     "date": "2020-01-06 21:00",
     "day": 7,
     "open": 7898.83,
     "high": 7918.31,
     "low": 7889.12,
     "close": 7898.15
   },
   {
     "date": "2020-01-06 22:00",
     "day": 7,
     "open": 7898.15,
     "high": 7903.11,
     "low": 7826.9,
     "close": 7844.26
   },
   {
     "date": "2020-01-06 23:00",
     "day": 7,
     "open": 7844.21,
     "high": 7880.73,
     "low": 7839.58,
     "close": 7878.36
   },
   {
     "date": "2020-01-07 00:00",
     "day": 7,
     "open": 7878.36,
     "high": 7879.63,
     "low": 7863.15,
     "close": 7873.13
   },
   {
     "date": "2020-01-07 01:00",
     "day": 7,
     "open": 7873.13,
     "high": 7890.93,
     "low": 7863.36,
     "close": 7878.04
   },
   {
     "date": "2020-01-07 02:00",
     "day": 7,
     "open": 7878.04,
     "high": 7897.98,
     "low": 7870.72,
     "close": 7880.6
   },
   {
     "date": "2020-01-07 03:00",
     "day": 7,
     "open": 7880.67,
     "high": 7881.34,
     "low": 7858.97,
     "close": 7858.97
   },
   {
     "date": "2020-01-07 04:00",
     "day": 7,
     "open": 7858.97,
     "high": 7884.57,
     "low": 7858.97,
     "close": 7884.57
   },
   {
     "date": "2020-01-07 05:00",
     "day": 7,
     "open": 7884.55,
     "high": 7958.74,
     "low": 7884.55,
     "close": 7899.36
   },
   {
     "date": "2020-01-07 06:00",
     "day": 7,
     "open": 7899.25,
     "high": 7912.12,
     "low": 7855.04,
     "close": 7870.44
   },
   {
     "date": "2020-01-07 07:00",
     "day": 7,
     "open": 7870.45,
     "high": 7870.45,
     "low": 7821.52,
     "close": 7852.71
   },
   {
     "date": "2020-01-07 08:00",
     "day": 7,
     "open": 7852.64,
     "high": 7883.84,
     "low": 7843.81,
     "close": 7854.66
   },
   {
     "date": "2020-01-07 09:00",
     "day": 7,
     "open": 7854.66,
     "high": 7854.66,
     "low": 7755.39,
     "close": 7769.37
   },
   {
     "date": "2020-01-07 10:00",
     "day": 7,
     "open": 7769.08,
     "high": 7940.68,
     "low": 7737.3,
     "close": 7921.86
   },
   {
     "date": "2020-01-07 11:00",
     "day": 7,
     "open": 7921.86,
     "high": 7954.39,
     "low": 7886.36,
     "close": 7943.3
   },
   {
     "date": "2020-01-07 12:00",
     "day": 7,
     "open": 7943.31,
     "high": 8127.54,
     "low": 7927.48,
     "close": 8043.46
   },
   {
     "date": "2020-01-07 13:00",
     "day": 7,
     "open": 8044.25,
     "high": 8111.51,
     "low": 8042.78,
     "close": 8079.56
   },
   {
     "date": "2020-01-07 14:00",
     "day": 7,
     "open": 8079.56,
     "high": 8176.33,
     "low": 8059.48,
     "close": 8166.21
   },
   {
     "date": "2020-01-07 15:00",
     "day": 7,
     "open": 8166.21,
     "high": 8191.42,
     "low": 8012.29,
     "close": 8020.57
   },
   {
     "date": "2020-01-07 16:00",
     "day": 7,
     "open": 8020.44,
     "high": 8061.47,
     "low": 7965.89,
     "close": 8043.26
   },
   {
     "date": "2020-01-07 17:00",
     "day": 8,
     "open": 8043.26,
     "high": 8194.81,
     "low": 8026.19,
     "close": 8158.8
   },
   {
     "date": "2020-01-07 18:00",
     "day": 8,
     "open": 8159.68,
     "high": 8453.81,
     "low": 8157.11,
     "close": 8443.55
   },
   {
     "date": "2020-01-07 19:00",
     "day": 8,
     "open": 8442.97,
     "high": 8452.26,
     "low": 8349.83,
     "close": 8374.47
   },
   {
     "date": "2020-01-07 20:00",
     "day": 8,
     "open": 8374.6,
     "high": 8413.27,
     "low": 8276.65,
     "close": 8284.11
   },
   {
     "date": "2020-01-07 21:00",
     "day": 8,
     "open": 8283.84,
     "high": 8334.07,
     "low": 8253.06,
     "close": 8302.54
   },
   {
     "date": "2020-01-07 22:00",
     "day": 8,
     "open": 8302.54,
     "high": 8348.77,
     "low": 8295.15,
     "close": 8345.87
   },
   {
     "date": "2020-01-07 23:00",
     "day": 8,
     "open": 8346.53,
     "high": 8372.2,
     "low": 8309.08,
     "close": 8336.83
   },
   {
     "date": "2020-01-08 00:00",
     "day": 8,
     "open": 8336.69,
     "high": 8359.38,
     "low": 8322.55,
     "close": 8337.74
   },
   {
     "date": "2020-01-08 01:00",
     "day": 8,
     "open": 8337.74,
     "high": 8343.23,
     "low": 8286.15,
     "close": 8300.89
   },
   {
     "date": "2020-01-08 02:00",
     "day": 8,
     "open": 8300.63,
     "high": 8324.79,
     "low": 8269.63,
     "close": 8314.77
   },
   {
     "date": "2020-01-08 03:00",
     "day": 8,
     "open": 8314.79,
     "high": 8317.69,
     "low": 8285.88,
     "close": 8298.48
   },
   {
     "date": "2020-01-08 04:00",
     "day": 8,
     "open": 8298.48,
     "high": 8356.99,
     "low": 8289.15,
     "close": 8334.54
   },
   {
     "date": "2020-01-08 05:00",
     "day": 8,
     "open": 8334.95,
     "high": 8368.85,
     "low": 8334.25,
     "close": 8336.96
   },
   {
     "date": "2020-01-08 06:00",
     "day": 8,
     "open": 8336.96,
     "high": 8345.1,
     "low": 8279.53,
     "close": 8280.72
   },
   {
     "date": "2020-01-08 07:00",
     "day": 8,
     "open": 8279.85,
     "high": 8411.3,
     "low": 8223.74,
     "close": 8385.69
   },
   {
     "date": "2020-01-08 08:00",
     "day": 8,
     "open": 8385.7,
     "high": 8385.7,
     "low": 8218.41,
     "close": 8302.29
   },
   {
     "date": "2020-01-08 09:00",
     "day": 8,
     "open": 8302.41,
     "high": 8350.04,
     "low": 8246.47,
     "close": 8299.15
   },
   {
     "date": "2020-01-08 10:00",
     "day": 8,
     "open": 8301.18,
     "high": 8329.12,
     "low": 8064.53,
     "close": 8112.41
   },
   {
     "date": "2020-01-08 11:00",
     "day": 8,
     "open": 8111.96,
     "high": 8116.09,
     "low": 8015.38,
     "close": 8084.81
   },
   {
     "date": "2020-01-08 12:00",
     "day": 8,
     "open": 8083.51,
     "high": 8087.26,
     "low": 8037.54,
     "close": 8048.43
   },
   {
     "date": "2020-01-08 13:00",
     "day": 8,
     "open": 8048.42,
     "high": 8059.79,
     "low": 7967.69,
     "close": 7967.69
   },
   {
     "date": "2020-01-08 14:00",
     "day": 8,
     "open": 7967.69,
     "high": 8048.4,
     "low": 7868.62,
     "close": 8044.97
   },
   {
     "date": "2020-01-08 15:00",
     "day": 8,
     "open": 8044.97,
     "high": 8044.97,
     "low": 7970.26,
     "close": 8002.34
   },
   {
     "date": "2020-01-08 16:00",
     "day": 8,
     "open": 8002.34,
     "high": 8074.41,
     "low": 7981.46,
     "close": 8066.47
   },
   {
     "date": "2020-01-08 17:00",
     "day": 9,
     "open": 8066.46,
     "high": 8106.84,
     "low": 8028.13,
     "close": 8043.52
   },
   {
     "date": "2020-01-08 18:00",
     "day": 9,
     "open": 8043.24,
     "high": 8044.64,
     "low": 7935.21,
     "close": 7953.73
   },
   {
     "date": "2020-01-08 19:00",
     "day": 9,
     "open": 7953.73,
     "high": 8026.53,
     "low": 7950.47,
     "close": 7996.72
   },
   {
     "date": "2020-01-08 20:00",
     "day": 9,
     "open": 7996.71,
     "high": 8015.78,
     "low": 7979.63,
     "close": 7979.74
   },
   {
     "date": "2020-01-08 21:00",
     "day": 9,
     "open": 7979.74,
     "high": 7984.93,
     "low": 7939.81,
     "close": 7951.14
   },
   {
     "date": "2020-01-08 22:00",
     "day": 9,
     "open": 7951.14,
     "high": 7973.92,
     "low": 7933.91,
     "close": 7968.27
   },
   {
     "date": "2020-01-08 23:00",
     "day": 9,
     "open": 7968.13,
     "high": 7968.27,
     "low": 7933.52,
     "close": 7941.44
   },
   {
     "date": "2020-01-09 00:00",
     "day": 9,
     "open": 7941.44,
     "high": 7947.65,
     "low": 7907.28,
     "close": 7912.98
   },
   {
     "date": "2020-01-09 01:00",
     "day": 9,
     "open": 7912.98,
     "high": 7967.58,
     "low": 7909.86,
     "close": 7946.31
   },
   {
     "date": "2020-01-09 02:00",
     "day": 9,
     "open": 7946.12,
     "high": 7951.46,
     "low": 7919.34,
     "close": 7937.26
   },
   {
     "date": "2020-01-09 03:00",
     "day": 9,
     "open": 7936.85,
     "high": 7936.85,
     "low": 7868.78,
     "close": 7875.34
   },
   {
     "date": "2020-01-09 04:00",
     "day": 9,
     "open": 7875.34,
     "high": 7932.02,
     "low": 7862.21,
     "close": 7885.73
   },
   {
     "date": "2020-01-09 05:00",
     "day": 9,
     "open": 7887.28,
     "high": 7894.75,
     "low": 7858,
     "close": 7872.98
   },
   {
     "date": "2020-01-09 06:00",
     "day": 9,
     "open": 7872.98,
     "high": 7909.84,
     "low": 7872.09,
     "close": 7896.71
   },
   {
     "date": "2020-01-09 07:00",
     "day": 9,
     "open": 7896.71,
     "high": 7941.11,
     "low": 7892.69,
     "close": 7893.25
   },
   {
     "date": "2020-01-09 08:00",
     "day": 9,
     "open": 7893.46,
     "high": 7914.1,
     "low": 7874.7,
     "close": 7883.27
   },
   {
     "date": "2020-01-09 09:00",
     "day": 9,
     "open": 7883.54,
     "high": 7919.81,
     "low": 7883,
     "close": 7900.71
   },
   {
     "date": "2020-01-09 10:00",
     "day": 9,
     "open": 7900.71,
     "high": 7913.25,
     "low": 7811.75,
     "close": 7821.86
   },
   {
     "date": "2020-01-09 11:00",
     "day": 9,
     "open": 7821.53,
     "high": 7835.08,
     "low": 7782.96,
     "close": 7793.65
   },
   {
     "date": "2020-01-09 12:00",
     "day": 9,
     "open": 7793.65,
     "high": 7826.03,
     "low": 7789.22,
     "close": 7813.83
   },
   {
     "date": "2020-01-09 13:00",
     "day": 9,
     "open": 7813.83,
     "high": 7949.33,
     "low": 7811.7,
     "close": 7914.71
   },
   {
     "date": "2020-01-09 14:00",
     "day": 9,
     "open": 7914.39,
     "high": 7996.69,
     "low": 7815.76,
     "close": 7822.25
   },
   {
     "date": "2020-01-09 15:00",
     "day": 9,
     "open": 7823.5,
     "high": 7839.51,
     "low": 7758.72,
     "close": 7788.76
   },
   {
     "date": "2020-01-09 16:00",
     "day": 9,
     "open": 7788.76,
     "high": 7865.65,
     "low": 7788.52,
     "close": 7807.33
   },
   {
     "date": "2020-01-09 17:00",
     "day": 10,
     "open": 7807.33,
     "high": 7827.05,
     "low": 7791.5,
     "close": 7817.61
   },
   {
     "date": "2020-01-09 18:00",
     "day": 10,
     "open": 7817.6,
     "high": 7846.59,
     "low": 7813.65,
     "close": 7819.53
   },
   {
     "date": "2020-01-09 19:00",
     "day": 10,
     "open": 7819.54,
     "high": 7832.99,
     "low": 7785.22,
     "close": 7797.89
   },
   {
     "date": "2020-01-09 20:00",
     "day": 10,
     "open": 7797.89,
     "high": 7817.54,
     "low": 7791.71,
     "close": 7798.37
   },
   {
     "date": "2020-01-09 21:00",
     "day": 10,
     "open": 7798.37,
     "high": 7811.63,
     "low": 7770.22,
     "close": 7805.69
   },
   {
     "date": "2020-01-09 22:00",
     "day": 10,
     "open": 7805.69,
     "high": 7806.52,
     "low": 7763.59,
     "close": 7788.51
   },
   {
     "date": "2020-01-09 23:00",
     "day": 10,
     "open": 7788.51,
     "high": 7788.51,
     "low": 7738.47,
     "close": 7744.89
   },
   {
     "date": "2020-01-10 00:00",
     "day": 10,
     "open": 7744.74,
     "high": 7771.87,
     "low": 7716.76,
     "close": 7738.79
   },
   {
     "date": "2020-01-10 01:00",
     "day": 10,
     "open": 7738.41,
     "high": 7743.66,
     "low": 7720.14,
     "close": 7739.31
   },
   {
     "date": "2020-01-10 02:00",
     "day": 10,
     "open": 7739.31,
     "high": 7740.26,
     "low": 7685.28,
     "close": 7698.1
   },
   {
     "date": "2020-01-10 03:00",
     "day": 10,
     "open": 7698.1,
     "high": 7746.01,
     "low": 7693.06,
     "close": 7722.58
   },
   {
     "date": "2020-01-10 04:00",
     "day": 10,
     "open": 7722.6,
     "high": 7775,
     "low": 7677.25,
     "close": 7767.14
   },
   {
     "date": "2020-01-10 05:00",
     "day": 10,
     "open": 7767.14,
     "high": 7844.43,
     "low": 7767.09,
     "close": 7831.67
   },
   {
     "date": "2020-01-10 06:00",
     "day": 10,
     "open": 7831.7,
     "high": 7889.75,
     "low": 7808.72,
     "close": 7889.34
   },
   {
     "date": "2020-01-10 07:00",
     "day": 10,
     "open": 7889.04,
     "high": 7936.13,
     "low": 7864.31,
     "close": 7866.05
   },
   {
     "date": "2020-01-10 08:00",
     "day": 10,
     "open": 7865.66,
     "high": 7975.88,
     "low": 7853.03,
     "close": 7973.46
   },
   {
     "date": "2020-01-10 09:00",
     "day": 10,
     "open": 7973.45,
     "high": 8079.1,
     "low": 7948.27,
     "close": 8062.4
   },
   {
     "date": "2020-01-10 10:00",
     "day": 10,
     "open": 8062.74,
     "high": 8127.54,
     "low": 7939.54,
     "close": 7946.81
   },
   {
     "date": "2020-01-10 11:00",
     "day": 10,
     "open": 7946.81,
     "high": 7973.6,
     "low": 7918.36,
     "close": 7964.81
   },
   {
     "date": "2020-01-10 12:00",
     "day": 10,
     "open": 7964.81,
     "high": 8106.44,
     "low": 7964.81,
     "close": 8021.33
   },
   {
     "date": "2020-01-10 13:00",
     "day": 10,
     "open": 8021.33,
     "high": 8120.54,
     "low": 7975.19,
     "close": 8062.36
   },
   {
     "date": "2020-01-10 14:00",
     "day": 10,
     "open": 8062.36,
     "high": 8096.69,
     "low": 8050.17,
     "close": 8069.85
   },
   {
     "date": "2020-01-10 15:00",
     "day": 10,
     "open": 8069.75,
     "high": 8130.06,
     "low": 8036.66,
     "close": 8048.87
   },
   {
     "date": "2020-01-10 16:00",
     "day": 10,
     "open": 8048.87,
     "high": 8094.62,
     "low": 7990.27,
     "close": 8089.92
   },
   {
     "date": "2020-01-10 17:00",
     "day": 13,
     "open": 8089.94,
     "high": 8193.09,
     "low": 8067.65,
     "close": 8193.09
   },
   {
     "date": "2020-01-10 18:00",
     "day": 13,
     "open": 8193.36,
     "high": 8200.58,
     "low": 8135.29,
     "close": 8165.6
   },
   {
     "date": "2020-01-10 19:00",
     "day": 13,
     "open": 8165.43,
     "high": 8247.52,
     "low": 8164.07,
     "close": 8206.81
   },
   {
     "date": "2020-01-10 20:00",
     "day": 13,
     "open": 8206.81,
     "high": 8209.39,
     "low": 8163.06,
     "close": 8205.02
   },
   {
     "date": "2020-01-10 21:00",
     "day": 13,
     "open": 8204.88,
     "high": 8205.49,
     "low": 8135.64,
     "close": 8160.39
   },
   {
     "date": "2020-01-10 22:00",
     "day": 13,
     "open": 8159.86,
     "high": 8175.62,
     "low": 8102.02,
     "close": 8116.52
   },
   {
     "date": "2020-01-10 23:00",
     "day": 13,
     "open": 8116.52,
     "high": 8116.52,
     "low": 8050.15,
     "close": 8083.99
   },
   {
     "date": "2020-01-11 00:00",
     "day": 13,
     "open": 8083.98,
     "high": 8123.25,
     "low": 8063.18,
     "close": 8118.63
   },
   {
     "date": "2020-01-11 01:00",
     "day": 13,
     "open": 8118.63,
     "high": 8140.47,
     "low": 8066.62,
     "close": 8073.69
   },
   {
     "date": "2020-01-11 02:00",
     "day": 13,
     "open": 8073.69,
     "high": 8094.4,
     "low": 8039.48,
     "close": 8057.09
   },
   {
     "date": "2020-01-11 03:00",
     "day": 13,
     "open": 8057.09,
     "high": 8121.27,
     "low": 8056.07,
     "close": 8111.63
   },
   {
     "date": "2020-01-11 04:00",
     "day": 13,
     "open": 8111.63,
     "high": 8112.07,
     "low": 8044.19,
     "close": 8049.03
   },
   {
     "date": "2020-01-11 05:00",
     "day": 13,
     "open": 8048.66,
     "high": 8065.58,
     "low": 8011.33,
     "close": 8037.97
   },
   {
     "date": "2020-01-11 06:00",
     "day": 13,
     "open": 8037.97,
     "high": 8059.26,
     "low": 8019.68,
     "close": 8051.03
   },
   {
     "date": "2020-01-11 07:00",
     "day": 13,
     "open": 8051.03,
     "high": 8093.18,
     "low": 8047.57,
     "close": 8085.64
   },
   {
     "date": "2020-01-11 08:00",
     "day": 13,
     "open": 8085.64,
     "high": 8108.65,
     "low": 8051.43,
     "close": 8051.43
   },
   {
     "date": "2020-01-11 09:00",
     "day": 13,
     "open": 8051.43,
     "high": 8092.44,
     "low": 8049.66,
     "close": 8091.53
   },
   {
     "date": "2020-01-11 10:00",
     "day": 13,
     "open": 8091.53,
     "high": 8170.94,
     "low": 8068.58,
     "close": 8159.94
   },
   {
     "date": "2020-01-11 11:00",
     "day": 13,
     "open": 8160.82,
     "high": 8209.38,
     "low": 8149.11,
     "close": 8156.15
   },
   {
     "date": "2020-01-11 12:00",
     "day": 13,
     "open": 8156.15,
     "high": 8182.87,
     "low": 8138.9,
     "close": 8158.27
   },
   {
     "date": "2020-01-11 13:00",
     "day": 13,
     "open": 8158.27,
     "high": 8168.8,
     "low": 8133.83,
     "close": 8152.09
   },
   {
     "date": "2020-01-11 14:00",
     "day": 13,
     "open": 8152.09,
     "high": 8180.91,
     "low": 8142.84,
     "close": 8158.5
   },
   {
     "date": "2020-01-11 15:00",
     "day": 13,
     "open": 8158.56,
     "high": 8285.84,
     "low": 8074.72,
     "close": 8106
   },
   {
     "date": "2020-01-11 16:00",
     "day": 13,
     "open": 8106.52,
     "high": 8106.52,
     "low": 8034.69,
     "close": 8071.47
   },
   {
     "date": "2020-01-11 17:00",
     "day": 13,
     "open": 8072.67,
     "high": 8075.18,
     "low": 8021.55,
     "close": 8021.93
   },
   {
     "date": "2020-01-11 19:00",
     "day": 13,
     "open": 8055.43,
     "high": 8080.28,
     "low": 8039.23,
     "close": 8059.13
   },
   {
     "date": "2020-01-11 20:00",
     "day": 13,
     "open": 8059.13,
     "high": 8099.19,
     "low": 8052.97,
     "close": 8086.08
   },
   {
     "date": "2020-01-11 21:00",
     "day": 13,
     "open": 8086.15,
     "high": 8101.22,
     "low": 8062.52,
     "close": 8085.59
   },
   {
     "date": "2020-01-11 22:00",
     "day": 13,
     "open": 8085.15,
     "high": 8097.36,
     "low": 8067.61,
     "close": 8068.59
   },
   {
     "date": "2020-01-11 23:00",
     "day": 13,
     "open": 8068.59,
     "high": 8101.12,
     "low": 8068.32,
     "close": 8100.74
   },
   {
     "date": "2020-01-12 00:00",
     "day": 13,
     "open": 8100.74,
     "high": 8144.2,
     "low": 8084.69,
     "close": 8084.69
   },
   {
     "date": "2020-01-12 01:00",
     "day": 13,
     "open": 8084.69,
     "high": 8100.16,
     "low": 8080.29,
     "close": 8091.86
   },
   {
     "date": "2020-01-12 02:00",
     "day": 13,
     "open": 8091.86,
     "high": 8134.2,
     "low": 8085.86,
     "close": 8133.99
   },
   {
     "date": "2020-01-12 03:00",
     "day": 13,
     "open": 8133.99,
     "high": 8153.74,
     "low": 8121.55,
     "close": 8128.6
   },
   {
     "date": "2020-01-12 04:00",
     "day": 13,
     "open": 8128.6,
     "high": 8130.07,
     "low": 8098.19,
     "close": 8120.7
   },
   {
     "date": "2020-01-12 05:00",
     "day": 13,
     "open": 8120.39,
     "high": 8122.36,
     "low": 8102.14,
     "close": 8104.98
   },
   {
     "date": "2020-01-12 06:00",
     "day": 13,
     "open": 8104.98,
     "high": 8146.54,
     "low": 8104.98,
     "close": 8133.31
   },
   {
     "date": "2020-01-12 07:00",
     "day": 13,
     "open": 8133.31,
     "high": 8161.5,
     "low": 8123.88,
     "close": 8160.76
   },
   {
     "date": "2020-01-12 08:00",
     "day": 13,
     "open": 8160.2,
     "high": 8175.88,
     "low": 8124.35,
     "close": 8131.72
   },
   {
     "date": "2020-01-12 09:00",
     "day": 13,
     "open": 8131.72,
     "high": 8161.08,
     "low": 8130.68,
     "close": 8147
   },
   {
     "date": "2020-01-12 10:00",
     "day": 13,
     "open": 8147,
     "high": 8162.81,
     "low": 8097.22,
     "close": 8098.41
   },
   {
     "date": "2020-01-12 11:00",
     "day": 13,
     "open": 8098.41,
     "high": 8186.94,
     "low": 8073.48,
     "close": 8096.69
   },
   {
     "date": "2020-01-12 12:00",
     "day": 13,
     "open": 8100.45,
     "high": 8121.95,
     "low": 8079.64,
     "close": 8115.37
   },
   {
     "date": "2020-01-12 13:00",
     "day": 13,
     "open": 8115.35,
     "high": 8154.03,
     "low": 8115.35,
     "close": 8123.24
   },
   {
     "date": "2020-01-12 14:00",
     "day": 13,
     "open": 8123.24,
     "high": 8144.41,
     "low": 8123.24,
     "close": 8136.73
   },
   {
     "date": "2020-01-12 15:00",
     "day": 13,
     "open": 8136.3,
     "high": 8140.77,
     "low": 8101.05,
     "close": 8102.42
   },
   {
     "date": "2020-01-12 16:00",
     "day": 13,
     "open": 8102.42,
     "high": 8162.01,
     "low": 8100.85,
     "close": 8151.25
   },
   {
     "date": "2020-01-12 17:00",
     "day": 13,
     "open": 8151.25,
     "high": 8181.15,
     "low": 8139.72,
     "close": 8178.87
   },
   {
     "date": "2020-01-12 18:00",
     "day": 13,
     "open": 8178.99,
     "high": 8194.01,
     "low": 8141.83,
     "close": 8145.88
   },
   {
     "date": "2020-01-12 19:00",
     "day": 13,
     "open": 8145.88,
     "high": 8156.99,
     "low": 8138.96,
     "close": 8148.05
   },
   {
     "date": "2020-01-12 20:00",
     "day": 13,
     "open": 8148.05,
     "high": 8150.15,
     "low": 8112.36,
     "close": 8112.36
   },
   {
     "date": "2020-01-12 21:00",
     "day": 13,
     "open": 8112.36,
     "high": 8116.72,
     "low": 8088.4,
     "close": 8103.27
   },
   {
     "date": "2020-01-12 22:00",
     "day": 13,
     "open": 8101.13,
     "high": 8113.88,
     "low": 8088.37,
     "close": 8110.67
   },
   {
     "date": "2020-01-12 23:00",
     "day": 13,
     "open": 8110.6,
     "high": 8111.04,
     "low": 8075.89,
     "close": 8084.64
   },
   {
     "date": "2020-01-13 00:00",
     "day": 13,
     "open": 8084.64,
     "high": 8103.59,
     "low": 8052.93,
     "close": 8054.22
   },
   {
     "date": "2020-01-13 01:00",
     "day": 13,
     "open": 8054.36,
     "high": 8077.66,
     "low": 8052.28,
     "close": 8069.09
   },
   {
     "date": "2020-01-13 02:00",
     "day": 13,
     "open": 8069.1,
     "high": 8115.23,
     "low": 8060.69,
     "close": 8115.23
   },
   {
     "date": "2020-01-13 03:00",
     "day": 13,
     "open": 8115.23,
     "high": 8118.25,
     "low": 8079.45,
     "close": 8099.39
   },
   {
     "date": "2020-01-13 04:00",
     "day": 13,
     "open": 8099.39,
     "high": 8114.31,
     "low": 8092.52,
     "close": 8107.75
   },
   {
     "date": "2020-01-13 05:00",
     "day": 13,
     "open": 8108.68,
     "high": 8115.93,
     "low": 8076.2,
     "close": 8076.2
   },
   {
     "date": "2020-01-13 06:00",
     "day": 13,
     "open": 8076.32,
     "high": 8087.44,
     "low": 8055.39,
     "close": 8084.52
   },
   {
     "date": "2020-01-13 07:00",
     "day": 13,
     "open": 8084.56,
     "high": 8098.7,
     "low": 8073.64,
     "close": 8075.64
   },
   {
     "date": "2020-01-13 08:00",
     "day": 13,
     "open": 8075.64,
     "high": 8085.93,
     "low": 8063.43,
     "close": 8083.8
   },
   {
     "date": "2020-01-13 09:00",
     "day": 13,
     "open": 8083.8,
     "high": 8091.56,
     "low": 8067.53,
     "close": 8075.38
   },
   {
     "date": "2020-01-13 10:00",
     "day": 13,
     "open": 8075.37,
     "high": 8098.96,
     "low": 8067.4,
     "close": 8098.96
   },
   {
     "date": "2020-01-13 11:00",
     "day": 13,
     "open": 8098.96,
     "high": 8125.58,
     "low": 8086.01,
     "close": 8089.84
   },
   {
     "date": "2020-01-13 12:00",
     "day": 13,
     "open": 8089.84,
     "high": 8097.4,
     "low": 8083.79,
     "close": 8096.9
   },
   {
     "date": "2020-01-13 13:00",
     "day": 13,
     "open": 8096.9,
     "high": 8120.67,
     "low": 8096.9,
     "close": 8109.35
   },
   {
     "date": "2020-01-13 14:00",
     "day": 13,
     "open": 8109.35,
     "high": 8157.63,
     "low": 8105.88,
     "close": 8151.94
   },
   {
     "date": "2020-01-13 15:00",
     "day": 13,
     "open": 8151.94,
     "high": 8156.4,
     "low": 8119.13,
     "close": 8132.4
   },
   {
     "date": "2020-01-13 16:00",
     "day": 13,
     "open": 8132.41,
     "high": 8136.87,
     "low": 8131.26,
     "close": 8131.31
   },
   {
     "date": "2020-01-13 17:00",
     "day": 14,
     "open": 8131.85,
     "high": 8133.26,
     "low": 8120.39,
     "close": 8123.96
   },
   {
     "date": "2020-01-13 18:00",
     "day": 14,
     "open": 8124.28,
     "high": 8307,
     "low": 8123.74,
     "close": 8265.86
   },
   {
     "date": "2020-01-13 19:00",
     "day": 14,
     "open": 8265.67,
     "high": 8471.69,
     "low": 8265.67,
     "close": 8428.82
   },
   {
     "date": "2020-01-13 20:00",
     "day": 14,
     "open": 8428.47,
     "high": 8429.65,
     "low": 8380.47,
     "close": 8427.28
   },
   {
     "date": "2020-01-13 21:00",
     "day": 14,
     "open": 8427.29,
     "high": 8468.32,
     "low": 8378.37,
     "close": 8467.53
   },
   {
     "date": "2020-01-13 22:00",
     "day": 14,
     "open": 8467.58,
     "high": 8564,
     "low": 8465.66,
     "close": 8523.46
   },
   {
     "date": "2020-01-13 23:00",
     "day": 14,
     "open": 8523.46,
     "high": 8537.78,
     "low": 8465.22,
     "close": 8476.88
   },
   {
     "date": "2020-01-14 00:00",
     "day": 14,
     "open": 8476.41,
     "high": 8510.05,
     "low": 8465.42,
     "close": 8505.92
   },
   {
     "date": "2020-01-14 01:00",
     "day": 14,
     "open": 8505.91,
     "high": 8539.11,
     "low": 8494.03,
     "close": 8504.79
   },
   {
     "date": "2020-01-14 02:00",
     "day": 14,
     "open": 8504.78,
     "high": 8530.21,
     "low": 8500.35,
     "close": 8504.85
   },
   {
     "date": "2020-01-14 03:00",
     "day": 14,
     "open": 8504.85,
     "high": 8551.79,
     "low": 8484.61,
     "close": 8496.11
   },
   {
     "date": "2020-01-14 04:00",
     "day": 14,
     "open": 8496.23,
     "high": 8518.54,
     "low": 8467.3,
     "close": 8515.41
   },
   {
     "date": "2020-01-14 05:00",
     "day": 14,
     "open": 8515.42,
     "high": 8525.47,
     "low": 8498.9,
     "close": 8523.9
   },
   {
     "date": "2020-01-14 06:00",
     "day": 14,
     "open": 8523.58,
     "high": 8601.59,
     "low": 8476.76,
     "close": 8494.79
   },
   {
     "date": "2020-01-14 07:00",
     "day": 14,
     "open": 8494.79,
     "high": 8579.5,
     "low": 8493.14,
     "close": 8579.5
   },
   {
     "date": "2020-01-14 08:00",
     "day": 14,
     "open": 8579.9,
     "high": 8736.74,
     "low": 8563.43,
     "close": 8691.94
   },
   {
     "date": "2020-01-14 09:00",
     "day": 14,
     "open": 8691.83,
     "high": 8749.94,
     "low": 8638.63,
     "close": 8701.83
   },
   {
     "date": "2020-01-14 10:00",
     "day": 14,
     "open": 8701.85,
     "high": 8701.85,
     "low": 8529.73,
     "close": 8671.43
   },
   {
     "date": "2020-01-14 11:00",
     "day": 14,
     "open": 8671.43,
     "high": 8801.17,
     "low": 8671.43,
     "close": 8776.6
   },
   {
     "date": "2020-01-14 12:00",
     "day": 14,
     "open": 8776.99,
     "high": 8844.65,
     "low": 8683.93,
     "close": 8769.14
   },
   {
     "date": "2020-01-14 13:00",
     "day": 14,
     "open": 8769.15,
     "high": 8770.39,
     "low": 8698.13,
     "close": 8760.2
   },
   {
     "date": "2020-01-14 14:00",
     "day": 14,
     "open": 8760.2,
     "high": 8769.43,
     "low": 8682.05,
     "close": 8689.75
   },
   {
     "date": "2020-01-14 15:00",
     "day": 14,
     "open": 8689.75,
     "high": 8751.61,
     "low": 8671.93,
     "close": 8733.18
   },
   {
     "date": "2020-01-14 16:00",
     "day": 14,
     "open": 8733.18,
     "high": 8781.53,
     "low": 8726.52,
     "close": 8746.73
   },
   {
     "date": "2020-01-14 17:00",
     "day": 15,
     "open": 8746.63,
     "high": 8875.25,
     "low": 8723.32,
     "close": 8820.84
   },
   {
     "date": "2020-01-14 18:00",
     "day": 15,
     "open": 8817.25,
     "high": 8886.47,
     "low": 8725.42,
     "close": 8773.48
   },
   {
     "date": "2020-01-14 19:00",
     "day": 15,
     "open": 8773.82,
     "high": 8784.88,
     "low": 8708.07,
     "close": 8765.33
   },
   {
     "date": "2020-01-14 20:00",
     "day": 15,
     "open": 8765.33,
     "high": 8809.35,
     "low": 8759.12,
     "close": 8799.61
   },
   {
     "date": "2020-01-14 21:00",
     "day": 15,
     "open": 8799.59,
     "high": 8800.83,
     "low": 8715.7,
     "close": 8715.87
   },
   {
     "date": "2020-01-14 22:00",
     "day": 15,
     "open": 8715.4,
     "high": 8723.19,
     "low": 8570.12,
     "close": 8587.09
   },
   {
     "date": "2020-01-14 23:00",
     "day": 15,
     "open": 8586.96,
     "high": 8643.96,
     "low": 8563.78,
     "close": 8601.82
   },
   {
     "date": "2020-01-15 00:00",
     "day": 15,
     "open": 8601.81,
     "high": 8664.91,
     "low": 8596.5,
     "close": 8656.13
   },
   {
     "date": "2020-01-15 01:00",
     "day": 15,
     "open": 8656.15,
     "high": 8661.72,
     "low": 8603.34,
     "close": 8604.7
   },
   {
     "date": "2020-01-15 02:00",
     "day": 15,
     "open": 8604.68,
     "high": 8648.12,
     "low": 8589.33,
     "close": 8619.91
   },
   {
     "date": "2020-01-15 03:00",
     "day": 15,
     "open": 8619.66,
     "high": 8752.21,
     "low": 8619.55,
     "close": 8736.73
   },
   {
     "date": "2020-01-15 04:00",
     "day": 15,
     "open": 8736.85,
     "high": 8787.94,
     "low": 8706.22,
     "close": 8784.33
   },
   {
     "date": "2020-01-15 05:00",
     "day": 15,
     "open": 8784.34,
     "high": 8787.85,
     "low": 8707.21,
     "close": 8710.09
   },
   {
     "date": "2020-01-15 06:00",
     "day": 15,
     "open": 8710.09,
     "high": 8773.68,
     "low": 8704.61,
     "close": 8749.99
   },
   {
     "date": "2020-01-15 07:00",
     "day": 15,
     "open": 8749.99,
     "high": 8886.36,
     "low": 8749.99,
     "close": 8872.65
   },
   {
     "date": "2020-01-15 08:00",
     "day": 15,
     "open": 8874.62,
     "high": 8880.09,
     "low": 8760.28,
     "close": 8839.28
   },
   {
     "date": "2020-01-15 09:00",
     "day": 15,
     "open": 8839.32,
     "high": 8843.54,
     "low": 8733.52,
     "close": 8746.23
   },
   {
     "date": "2020-01-15 10:00",
     "day": 15,
     "open": 8746.3,
     "high": 8797.16,
     "low": 8671.63,
     "close": 8768.31
   },
   {
     "date": "2020-01-15 11:00",
     "day": 15,
     "open": 8768.31,
     "high": 8779.86,
     "low": 8721.61,
     "close": 8778.49
   },
   {
     "date": "2020-01-15 12:00",
     "day": 15,
     "open": 8778.49,
     "high": 8779.21,
     "low": 8707.54,
     "close": 8738.66
   },
   {
     "date": "2020-01-15 13:00",
     "day": 15,
     "open": 8738.66,
     "high": 8763.06,
     "low": 8733.14,
     "close": 8750.31
   },
   {
     "date": "2020-01-15 14:00",
     "day": 15,
     "open": 8750.31,
     "high": 8816.45,
     "low": 8726.98,
     "close": 8804.08
   },
   {
     "date": "2020-01-15 15:00",
     "day": 15,
     "open": 8804.07,
     "high": 8840.6,
     "low": 8782.64,
     "close": 8822.27
   },
   {
     "date": "2020-01-15 16:00",
     "day": 15,
     "open": 8822.27,
     "high": 8848.08,
     "low": 8798.42,
     "close": 8846.54
   },
   {
     "date": "2020-01-15 17:00",
     "day": 16,
     "open": 8846.52,
     "high": 8860.95,
     "low": 8789.24,
     "close": 8810.3
   },
   {
     "date": "2020-01-15 18:00",
     "day": 16,
     "open": 8810.3,
     "high": 8844.67,
     "low": 8713.81,
     "close": 8748.32
   },
   {
     "date": "2020-01-15 19:00",
     "day": 16,
     "open": 8748.32,
     "high": 8754.14,
     "low": 8609.57,
     "close": 8646.75
   },
   {
     "date": "2020-01-15 20:00",
     "day": 16,
     "open": 8647.87,
     "high": 8678.4,
     "low": 8610.77,
     "close": 8643.61
   },
   {
     "date": "2020-01-15 21:00",
     "day": 16,
     "open": 8643.6,
     "high": 8643.63,
     "low": 8590.93,
     "close": 8634.08
   },
   {
     "date": "2020-01-15 22:00",
     "day": 16,
     "open": 8634.08,
     "high": 8662.63,
     "low": 8612.38,
     "close": 8638.11
   },
   {
     "date": "2020-01-15 23:00",
     "day": 16,
     "open": 8638.11,
     "high": 8700.96,
     "low": 8638.11,
     "close": 8690.07
   },
   {
     "date": "2020-01-16 00:00",
     "day": 16,
     "open": 8690.06,
     "high": 8700.1,
     "low": 8662.94,
     "close": 8698.05
   },
   {
     "date": "2020-01-16 01:00",
     "day": 16,
     "open": 8698.11,
     "high": 8699.41,
     "low": 8645.13,
     "close": 8659.47
   },
   {
     "date": "2020-01-16 02:00",
     "day": 16,
     "open": 8659.47,
     "high": 8694.55,
     "low": 8645.84,
     "close": 8654.75
   },
   {
     "date": "2020-01-16 03:00",
     "day": 16,
     "open": 8655.31,
     "high": 8661.88,
     "low": 8595.63,
     "close": 8631.61
   },
   {
     "date": "2020-01-16 04:00",
     "day": 16,
     "open": 8631.61,
     "high": 8642.57,
     "low": 8592.04,
     "close": 8642.53
   },
   {
     "date": "2020-01-16 05:00",
     "day": 16,
     "open": 8642.53,
     "high": 8707.29,
     "low": 8620.63,
     "close": 8707.27
   },
   {
     "date": "2020-01-16 06:00",
     "day": 16,
     "open": 8707.35,
     "high": 8765.05,
     "low": 8688.91,
     "close": 8709.45
   },
   {
     "date": "2020-01-16 07:00",
     "day": 16,
     "open": 8709.45,
     "high": 8712.85,
     "low": 8661.44,
     "close": 8683.02
   },
   {
     "date": "2020-01-16 08:00",
     "day": 16,
     "open": 8683.02,
     "high": 8683.96,
     "low": 8635.42,
     "close": 8665.09
   },
   {
     "date": "2020-01-16 09:00",
     "day": 16,
     "open": 8667.73,
     "high": 8705.88,
     "low": 8662.15,
     "close": 8699.86
   },
   {
     "date": "2020-01-16 10:00",
     "day": 16,
     "open": 8699.86,
     "high": 8701.81,
     "low": 8607.47,
     "close": 8639.18
   },
   {
     "date": "2020-01-16 11:00",
     "day": 16,
     "open": 8639.33,
     "high": 8698.9,
     "low": 8638.3,
     "close": 8666.49
   },
   {
     "date": "2020-01-16 12:00",
     "day": 16,
     "open": 8666.34,
     "high": 8686.18,
     "low": 8641.75,
     "close": 8674.19
   },
   {
     "date": "2020-01-16 13:00",
     "day": 16,
     "open": 8673.77,
     "high": 8700.22,
     "low": 8666.63,
     "close": 8688.23
   },
   {
     "date": "2020-01-16 14:00",
     "day": 16,
     "open": 8688.24,
     "high": 8740.61,
     "low": 8681.46,
     "close": 8735.23
   },
   {
     "date": "2020-01-16 15:00",
     "day": 16,
     "open": 8735.3,
     "high": 8746.33,
     "low": 8667.71,
     "close": 8680.83
   },
   {
     "date": "2020-01-16 16:00",
     "day": 16,
     "open": 8680.83,
     "high": 8725.1,
     "low": 8680.05,
     "close": 8712.73
   },
   {
     "date": "2020-01-16 17:00",
     "day": 17,
     "open": 8712.74,
     "high": 8729.7,
     "low": 8709.33,
     "close": 8719.25
   },
   {
     "date": "2020-01-16 18:00",
     "day": 17,
     "open": 8719.25,
     "high": 8727.73,
     "low": 8668.08,
     "close": 8679.76
   },
   {
     "date": "2020-01-16 19:00",
     "day": 17,
     "open": 8679.76,
     "high": 8718.48,
     "low": 8674.34,
     "close": 8718.48
   },
   {
     "date": "2020-01-16 20:00",
     "day": 17,
     "open": 8718.58,
     "high": 8757.4,
     "low": 8708.39,
     "close": 8741.33
   },
   {
     "date": "2020-01-16 21:00",
     "day": 17,
     "open": 8741.34,
     "high": 8822.08,
     "low": 8741.19,
     "close": 8776.35
   },
   {
     "date": "2020-01-16 22:00",
     "day": 17,
     "open": 8776.37,
     "high": 8797.89,
     "low": 8751.36,
     "close": 8795.38
   },
   {
     "date": "2020-01-16 23:00",
     "day": 17,
     "open": 8795.38,
     "high": 8886.67,
     "low": 8781.17,
     "close": 8884.42
   },
   {
     "date": "2020-01-17 00:00",
     "day": 17,
     "open": 8884.43,
     "high": 8978.66,
     "low": 8848.33,
     "close": 8856.86
   },
   {
     "date": "2020-01-17 01:00",
     "day": 17,
     "open": 8856.86,
     "high": 8929.32,
     "low": 8846.52,
     "close": 8917.43
   },
   {
     "date": "2020-01-17 02:00",
     "day": 17,
     "open": 8916.86,
     "high": 8977.54,
     "low": 8894.33,
     "close": 8914.64
   },
   {
     "date": "2020-01-17 03:00",
     "day": 17,
     "open": 8914.66,
     "high": 8963.94,
     "low": 8909.27,
     "close": 8948.88
   },
   {
     "date": "2020-01-17 04:00",
     "day": 17,
     "open": 8948.94,
     "high": 8999.27,
     "low": 8878.87,
     "close": 8910.37
   },
   {
     "date": "2020-01-17 05:00",
     "day": 17,
     "open": 8910.39,
     "high": 8929.98,
     "low": 8877.49,
     "close": 8889.09
   },
   {
     "date": "2020-01-17 06:00",
     "day": 17,
     "open": 8889.09,
     "high": 8895.3,
     "low": 8796.22,
     "close": 8806.56
   },
   {
     "date": "2020-01-17 07:00",
     "day": 17,
     "open": 8806.58,
     "high": 8847.45,
     "low": 8795.46,
     "close": 8832.43
   },
   {
     "date": "2020-01-17 08:00",
     "day": 17,
     "open": 8832.43,
     "high": 8833.55,
     "low": 8768.44,
     "close": 8771.22
   },
   {
     "date": "2020-01-17 09:00",
     "day": 17,
     "open": 8770.87,
     "high": 8847.35,
     "low": 8766.12,
     "close": 8839.58
   },
   {
     "date": "2020-01-17 10:00",
     "day": 17,
     "open": 8839.71,
     "high": 8901.51,
     "low": 8832.13,
     "close": 8861.36
   },
   {
     "date": "2020-01-17 11:00",
     "day": 17,
     "open": 8862.14,
     "high": 8892.73,
     "low": 8847.3,
     "close": 8868.95
   },
   {
     "date": "2020-01-17 12:00",
     "day": 17,
     "open": 8868.95,
     "high": 8926.29,
     "low": 8868.19,
     "close": 8902.48
   },
   {
     "date": "2020-01-17 13:00",
     "day": 17,
     "open": 8902.48,
     "high": 8941.4,
     "low": 8808.52,
     "close": 8862.35
   },
   {
     "date": "2020-01-17 14:00",
     "day": 17,
     "open": 8863.8,
     "high": 8914.91,
     "low": 8856.23,
     "close": 8867.63
   },
   {
     "date": "2020-01-17 15:00",
     "day": 17,
     "open": 8867.63,
     "high": 8911.28,
     "low": 8866.03,
     "close": 8904.67
   },
   {
     "date": "2020-01-17 16:00",
     "day": 17,
     "open": 8904.35,
     "high": 8940.47,
     "low": 8885.68,
     "close": 8923.89
   },
   {
     "date": "2020-01-17 17:00",
     "day": 20,
     "open": 8923.89,
     "high": 8942.37,
     "low": 8891.84,
     "close": 8894.32
   },
   {
     "date": "2020-01-17 18:00",
     "day": 20,
     "open": 8894.38,
     "high": 8968.42,
     "low": 8862.43,
     "close": 8965.83
   },
   {
     "date": "2020-01-17 19:00",
     "day": 20,
     "open": 8965.81,
     "high": 8973.76,
     "low": 8888.9,
     "close": 8923.19
   },
   {
     "date": "2020-01-17 20:00",
     "day": 20,
     "open": 8923.19,
     "high": 8930.73,
     "low": 8891.02,
     "close": 8912.06
   },
   {
     "date": "2020-01-17 21:00",
     "day": 20,
     "open": 8912.03,
     "high": 8936.88,
     "low": 8894,
     "close": 8917.54
   },
   {
     "date": "2020-01-17 22:00",
     "day": 20,
     "open": 8917.48,
     "high": 8917.48,
     "low": 8821.11,
     "close": 8837.08
   },
   {
     "date": "2020-01-17 23:00",
     "day": 20,
     "open": 8837.08,
     "high": 8861.78,
     "low": 8811.99,
     "close": 8840.75
   },
   {
     "date": "2020-01-18 00:00",
     "day": 20,
     "open": 8840.75,
     "high": 8862.19,
     "low": 8806.77,
     "close": 8857.5
   },
   {
     "date": "2020-01-18 01:00",
     "day": 20,
     "open": 8857.5,
     "high": 8867.76,
     "low": 8839.66,
     "close": 8839.66
   },
   {
     "date": "2020-01-18 02:00",
     "day": 20,
     "open": 8839.82,
     "high": 8861.01,
     "low": 8819.23,
     "close": 8857.3
   },
   {
     "date": "2020-01-18 03:00",
     "day": 20,
     "open": 8857.29,
     "high": 8886.27,
     "low": 8848.62,
     "close": 8868.98
   },
   {
     "date": "2020-01-18 04:00",
     "day": 20,
     "open": 8868.98,
     "high": 8894.87,
     "low": 8861.91,
     "close": 8882.04
   },
   {
     "date": "2020-01-18 05:00",
     "day": 20,
     "open": 8882.04,
     "high": 8882.04,
     "low": 8848.36,
     "close": 8859.37
   },
   {
     "date": "2020-01-18 06:00",
     "day": 20,
     "open": 8860.19,
     "high": 8907.59,
     "low": 8860.13,
     "close": 8900.9
   },
   {
     "date": "2020-01-18 07:00",
     "day": 20,
     "open": 8900.9,
     "high": 8936.77,
     "low": 8890.01,
     "close": 8910.91
   },
   {
     "date": "2020-01-18 08:00",
     "day": 20,
     "open": 8910.91,
     "high": 8951.61,
     "low": 8904.94,
     "close": 8910.6
   },
   {
     "date": "2020-01-18 09:00",
     "day": 20,
     "open": 8910.6,
     "high": 8938.51,
     "low": 8865.23,
     "close": 8886.72
   },
   {
     "date": "2020-01-18 10:00",
     "day": 20,
     "open": 8886.72,
     "high": 8921.76,
     "low": 8841.36,
     "close": 8871.45
   },
   {
     "date": "2020-01-18 11:00",
     "day": 20,
     "open": 8871.45,
     "high": 8900.7,
     "low": 8866.81,
     "close": 8894.75
   },
   {
     "date": "2020-01-18 12:00",
     "day": 20,
     "open": 8894.73,
     "high": 8895.3,
     "low": 8863.2,
     "close": 8871.25
   },
   {
     "date": "2020-01-18 13:00",
     "day": 20,
     "open": 8871.3,
     "high": 8903.09,
     "low": 8862.52,
     "close": 8896.14
   },
   {
     "date": "2020-01-18 14:00",
     "day": 20,
     "open": 8896.14,
     "high": 8907.19,
     "low": 8892.48,
     "close": 8896.11
   },
   {
     "date": "2020-01-18 15:00",
     "day": 20,
     "open": 8896.11,
     "high": 8918.08,
     "low": 8895.56,
     "close": 8911.81
   },
   {
     "date": "2020-01-18 16:00",
     "day": 20,
     "open": 8911.54,
     "high": 8941.01,
     "low": 8911.53,
     "close": 8940.39
   },
   {
     "date": "2020-01-18 17:00",
     "day": 20,
     "open": 8940.39,
     "high": 8950.5,
     "low": 8910.85,
     "close": 8928.53
   },
   {
     "date": "2020-01-18 19:00",
     "day": 20,
     "open": 9162.15,
     "high": 9162.74,
     "low": 9099.65,
     "close": 9134.09
   },
   {
     "date": "2020-01-18 20:00",
     "day": 20,
     "open": 9132.37,
     "high": 9175.02,
     "low": 9110.12,
     "close": 9151.24
   },
   {
     "date": "2020-01-18 21:00",
     "day": 20,
     "open": 9151.55,
     "high": 9177.97,
     "low": 9132.33,
     "close": 9140.86
   },
   {
     "date": "2020-01-18 22:00",
     "day": 20,
     "open": 9140.9,
     "high": 9147.28,
     "low": 9109.7,
     "close": 9133.88
   },
   {
     "date": "2020-01-18 23:00",
     "day": 20,
     "open": 9133.88,
     "high": 9136.33,
     "low": 9102.33,
     "close": 9112.5
   },
   {
     "date": "2020-01-19 00:00",
     "day": 20,
     "open": 9112.48,
     "high": 9129.73,
     "low": 9039.14,
     "close": 9057.19
   },
   {
     "date": "2020-01-19 01:00",
     "day": 20,
     "open": 9057.19,
     "high": 9072.62,
     "low": 9026.38,
     "close": 9069.04
   },
   {
     "date": "2020-01-19 02:00",
     "day": 20,
     "open": 9069.03,
     "high": 9092.31,
     "low": 9057.46,
     "close": 9081.67
   },
   {
     "date": "2020-01-19 03:00",
     "day": 20,
     "open": 9081.67,
     "high": 9110.71,
     "low": 9045.44,
     "close": 9054.14
   },
   {
     "date": "2020-01-19 04:00",
     "day": 20,
     "open": 9054.26,
     "high": 9065.01,
     "low": 9026.89,
     "close": 9026.89
   },
   {
     "date": "2020-01-19 05:00",
     "day": 20,
     "open": 9026.78,
     "high": 9026.84,
     "low": 8518.46,
     "close": 8668.84
   },
   {
     "date": "2020-01-19 06:00",
     "day": 20,
     "open": 8668.95,
     "high": 8669.47,
     "low": 8564.57,
     "close": 8619.67
   },
   {
     "date": "2020-01-19 07:00",
     "day": 20,
     "open": 8619.6,
     "high": 8628.92,
     "low": 8565.5,
     "close": 8622.88
   },
   {
     "date": "2020-01-19 08:00",
     "day": 20,
     "open": 8622.81,
     "high": 8639.72,
     "low": 8609.22,
     "close": 8614.02
   },
   {
     "date": "2020-01-19 09:00",
     "day": 20,
     "open": 8614.02,
     "high": 8635.67,
     "low": 8596.53,
     "close": 8627.01
   },
   {
     "date": "2020-01-19 10:00",
     "day": 20,
     "open": 8627.01,
     "high": 8661.2,
     "low": 8611.08,
     "close": 8635.23
   },
   {
     "date": "2020-01-19 11:00",
     "day": 20,
     "open": 8635.23,
     "high": 8654.57,
     "low": 8618.06,
     "close": 8647.7
   },
   {
     "date": "2020-01-19 12:00",
     "day": 20,
     "open": 8647.66,
     "high": 8648.19,
     "low": 8623.85,
     "close": 8640.2
   },
   {
     "date": "2020-01-19 13:00",
     "day": 20,
     "open": 8640.42,
     "high": 8648.44,
     "low": 8623.73,
     "close": 8644.07
   },
   {
     "date": "2020-01-19 14:00",
     "day": 20,
     "open": 8644.07,
     "high": 8649.95,
     "low": 8629.62,
     "close": 8644.86
   },
   {
     "date": "2020-01-19 15:00",
     "day": 20,
     "open": 8644.86,
     "high": 8749.83,
     "low": 8642.28,
     "close": 8718.13
   },
   {
     "date": "2020-01-19 16:00",
     "day": 20,
     "open": 8718.13,
     "high": 8742.75,
     "low": 8516.1,
     "close": 8630.64
   },
   {
     "date": "2020-01-19 17:00",
     "day": 20,
     "open": 8630.64,
     "high": 8712.71,
     "low": 8621.5,
     "close": 8701.45
   },
   {
     "date": "2020-01-19 18:00",
     "day": 20,
     "open": 8701.45,
     "high": 8723.01,
     "low": 8653.65,
     "close": 8663.94
   },
   {
     "date": "2020-01-19 19:00",
     "day": 20,
     "open": 8663.92,
     "high": 8683.17,
     "low": 8633.1,
     "close": 8640.46
   },
   {
     "date": "2020-01-19 20:00",
     "day": 20,
     "open": 8640.46,
     "high": 8663.82,
     "low": 8633.62,
     "close": 8644.57
   },
   {
     "date": "2020-01-19 21:00",
     "day": 20,
     "open": 8644.57,
     "high": 8655.05,
     "low": 8632.76,
     "close": 8655.05
   },
   {
     "date": "2020-01-19 22:00",
     "day": 20,
     "open": 8655.05,
     "high": 8673.96,
     "low": 8626.68,
     "close": 8630.27
   },
   {
     "date": "2020-01-19 23:00",
     "day": 20,
     "open": 8630.27,
     "high": 8666.75,
     "low": 8630.25,
     "close": 8663.14
   },
   {
     "date": "2020-01-20 00:00",
     "day": 20,
     "open": 8662.95,
     "high": 8670.15,
     "low": 8653.04,
     "close": 8667.97
   },
   {
     "date": "2020-01-20 01:00",
     "day": 20,
     "open": 8667.97,
     "high": 8679.79,
     "low": 8638.88,
     "close": 8648.17
   },
   {
     "date": "2020-01-20 02:00",
     "day": 20,
     "open": 8648.55,
     "high": 8667.04,
     "low": 8596.9,
     "close": 8630.56
   },
   {
     "date": "2020-01-20 03:00",
     "day": 20,
     "open": 8630.55,
     "high": 8658.61,
     "low": 8630.55,
     "close": 8645.82
   },
   {
     "date": "2020-01-20 04:00",
     "day": 20,
     "open": 8645.82,
     "high": 8656.38,
     "low": 8634.53,
     "close": 8649.56
   },
   {
     "date": "2020-01-20 05:00",
     "day": 20,
     "open": 8649.56,
     "high": 8651.9,
     "low": 8604.84,
     "close": 8607.39
   },
   {
     "date": "2020-01-20 06:00",
     "day": 20,
     "open": 8607.39,
     "high": 8620.68,
     "low": 8553.45,
     "close": 8574.58
   },
   {
     "date": "2020-01-20 07:00",
     "day": 20,
     "open": 8574.58,
     "high": 8631.21,
     "low": 8517.73,
     "close": 8597.62
   },
   {
     "date": "2020-01-20 08:00",
     "day": 20,
     "open": 8597.95,
     "high": 8656.32,
     "low": 8588.93,
     "close": 8646.43
   },
   {
     "date": "2020-01-20 09:00",
     "day": 20,
     "open": 8648.6,
     "high": 8668.34,
     "low": 8630.07,
     "close": 8664.86
   },
   {
     "date": "2020-01-20 10:00",
     "day": 20,
     "open": 8664.86,
     "high": 8686.27,
     "low": 8644.06,
     "close": 8659.73
   },
   {
     "date": "2020-01-20 11:00",
     "day": 20,
     "open": 8659.73,
     "high": 8662.53,
     "low": 8632.27,
     "close": 8632.64
   },
   {
     "date": "2020-01-20 12:00",
     "day": 20,
     "open": 8632.64,
     "high": 8664.05,
     "low": 8631.89,
     "close": 8651.66
   },
   {
     "date": "2020-01-20 13:00",
     "day": 20,
     "open": 8651.35,
     "high": 8666.88,
     "low": 8647.39,
     "close": 8659.56
   },
   {
     "date": "2020-01-20 14:00",
     "day": 20,
     "open": 8660.43,
     "high": 8661.32,
     "low": 8651.99,
     "close": 8660.21
   },
   {
     "date": "2020-01-20 15:00",
     "day": 20,
     "open": 8660.2,
     "high": 8673.38,
     "low": 8653.1,
     "close": 8673.38
   },
   {
     "date": "2020-01-20 16:00",
     "day": 20,
     "open": 8673.8,
     "high": 8737.21,
     "low": 8653.32,
     "close": 8655.52
   },
   {
     "date": "2020-01-20 17:00",
     "day": 21,
     "open": 8655.93,
     "high": 8666.88,
     "low": 8616.24,
     "close": 8633.61
   },
   {
     "date": "2020-01-20 18:00",
     "day": 21,
     "open": 8633.61,
     "high": 8647.28,
     "low": 8613.53,
     "close": 8624.18
   },
   {
     "date": "2020-01-20 19:00",
     "day": 21,
     "open": 8624.18,
     "high": 8648.4,
     "low": 8622.63,
     "close": 8640.05
   },
   {
     "date": "2020-01-20 20:00",
     "day": 21,
     "open": 8640.03,
     "high": 8657.16,
     "low": 8636.44,
     "close": 8653.15
   },
   {
     "date": "2020-01-20 21:00",
     "day": 21,
     "open": 8653.15,
     "high": 8663.29,
     "low": 8649.66,
     "close": 8656.85
   },
   {
     "date": "2020-01-20 22:00",
     "day": 21,
     "open": 8656.85,
     "high": 8677.79,
     "low": 8656.85,
     "close": 8661.27
   },
   {
     "date": "2020-01-20 23:00",
     "day": 21,
     "open": 8661.29,
     "high": 8662.92,
     "low": 8630.52,
     "close": 8646.37
   },
   {
     "date": "2020-01-21 00:00",
     "day": 21,
     "open": 8646.37,
     "high": 8648.84,
     "low": 8626.51,
     "close": 8636.82
   },
   {
     "date": "2020-01-21 01:00",
     "day": 21,
     "open": 8636.82,
     "high": 8641.48,
     "low": 8609.47,
     "close": 8622.07
   },
   {
     "date": "2020-01-21 02:00",
     "day": 21,
     "open": 8622.07,
     "high": 8647.72,
     "low": 8603.79,
     "close": 8643.02
   },
   {
     "date": "2020-01-21 03:00",
     "day": 21,
     "open": 8643.02,
     "high": 8646.31,
     "low": 8617.21,
     "close": 8617.42
   },
   {
     "date": "2020-01-21 04:00",
     "day": 21,
     "open": 8617.43,
     "high": 8654.87,
     "low": 8603.27,
     "close": 8645.57
   },
   {
     "date": "2020-01-21 05:00",
     "day": 21,
     "open": 8645.57,
     "high": 8663.4,
     "low": 8633.63,
     "close": 8633.73
   },
   {
     "date": "2020-01-21 08:00",
     "day": 21,
     "open": 8645.6,
     "high": 8646.52,
     "low": 8645.6,
     "close": 8645.92
   },
   {
     "date": "2020-01-21 09:00",
     "day": 21,
     "open": 8645.91,
     "high": 8669.21,
     "low": 8641.36,
     "close": 8641.37
   },
   {
     "date": "2020-01-21 10:00",
     "day": 21,
     "open": 8641.69,
     "high": 8649.22,
     "low": 8619.69,
     "close": 8633.63
   },
   {
     "date": "2020-01-21 11:00",
     "day": 21,
     "open": 8633.61,
     "high": 8643.43,
     "low": 8623.56,
     "close": 8642.64
   },
   {
     "date": "2020-01-21 12:00",
     "day": 21,
     "open": 8642.48,
     "high": 8643,
     "low": 8611.48,
     "close": 8620.52
   },
   {
     "date": "2020-01-21 13:00",
     "day": 21,
     "open": 8620.52,
     "high": 8631.47,
     "low": 8490.92,
     "close": 8515.96
   },
   {
     "date": "2020-01-21 14:00",
     "day": 21,
     "open": 8515.98,
     "high": 8710.59,
     "low": 8514.72,
     "close": 8707.54
   },
   {
     "date": "2020-01-21 15:00",
     "day": 21,
     "open": 8707.78,
     "high": 8774.55,
     "low": 8705.59,
     "close": 8725.85
   },
   {
     "date": "2020-01-21 16:00",
     "day": 21,
     "open": 8725.7,
     "high": 8726.89,
     "low": 8680,
     "close": 8712.04
   },
   {
     "date": "2020-01-21 17:00",
     "day": 22,
     "open": 8712.04,
     "high": 8742.68,
     "low": 8710.37,
     "close": 8727.58
   },
   {
     "date": "2020-01-21 18:00",
     "day": 22,
     "open": 8727.58,
     "high": 8742.59,
     "low": 8715.18,
     "close": 8728.43
   },
   {
     "date": "2020-01-21 19:00",
     "day": 22,
     "open": 8728.43,
     "high": 8729.02,
     "low": 8703.82,
     "close": 8713.26
   },
   {
     "date": "2020-01-21 20:00",
     "day": 22,
     "open": 8713.26,
     "high": 8715.85,
     "low": 8686.17,
     "close": 8698.72
   },
   {
     "date": "2020-01-21 21:00",
     "day": 22,
     "open": 8698.72,
     "high": 8706.4,
     "low": 8697.34,
     "close": 8701.64
   },
   {
     "date": "2020-01-21 22:00",
     "day": 22,
     "open": 8701.64,
     "high": 8723.11,
     "low": 8700.9,
     "close": 8722.87
   },
   {
     "date": "2020-01-21 23:00",
     "day": 22,
     "open": 8722.87,
     "high": 8723.37,
     "low": 8701.86,
     "close": 8703.09
   },
   {
     "date": "2020-01-22 00:00",
     "day": 22,
     "open": 8703.09,
     "high": 8738.6,
     "low": 8703.09,
     "close": 8737.98
   },
   {
     "date": "2020-01-22 01:00",
     "day": 22,
     "open": 8737.98,
     "high": 8790.6,
     "low": 8695.94,
     "close": 8717.14
   },
   {
     "date": "2020-01-22 02:00",
     "day": 22,
     "open": 8717.14,
     "high": 8721.3,
     "low": 8639.2,
     "close": 8656.09
   },
   {
     "date": "2020-01-22 03:00",
     "day": 22,
     "open": 8656.09,
     "high": 8666.62,
     "low": 8630.97,
     "close": 8665.21
   },
   {
     "date": "2020-01-22 04:00",
     "day": 22,
     "open": 8665.21,
     "high": 8665.65,
     "low": 8634.74,
     "close": 8644.93
   },
   {
     "date": "2020-01-22 05:00",
     "day": 22,
     "open": 8644.93,
     "high": 8648.84,
     "low": 8616.07,
     "close": 8642.07
   },
   {
     "date": "2020-01-22 06:00",
     "day": 22,
     "open": 8642.3,
     "high": 8654.6,
     "low": 8628.13,
     "close": 8648.37
   },
   {
     "date": "2020-01-22 07:00",
     "day": 22,
     "open": 8648.37,
     "high": 8650.26,
     "low": 8618.25,
     "close": 8622.58
   },
   {
     "date": "2020-01-22 08:00",
     "day": 22,
     "open": 8622.58,
     "high": 8651.93,
     "low": 8617.68,
     "close": 8634.01
   },
   {
     "date": "2020-01-22 09:00",
     "day": 22,
     "open": 8634.01,
     "high": 8641.64,
     "low": 8624.85,
     "close": 8636.6
   },
   {
     "date": "2020-01-22 10:00",
     "day": 22,
     "open": 8636.6,
     "high": 8682.34,
     "low": 8588.84,
     "close": 8659.81
   },
   {
     "date": "2020-01-22 11:00",
     "day": 22,
     "open": 8659.79,
     "high": 8673.6,
     "low": 8644.05,
     "close": 8664.25
   },
   {
     "date": "2020-01-22 12:00",
     "day": 22,
     "open": 8664.25,
     "high": 8664.72,
     "low": 8627.31,
     "close": 8648.35
   },
   {
     "date": "2020-01-22 13:00",
     "day": 22,
     "open": 8648.35,
     "high": 8649.15,
     "low": 8625.34,
     "close": 8644.34
   },
   {
     "date": "2020-01-22 14:00",
     "day": 22,
     "open": 8644.34,
     "high": 8648.22,
     "low": 8633.43,
     "close": 8646.27
   },
   {
     "date": "2020-01-22 15:00",
     "day": 22,
     "open": 8646.28,
     "high": 8646.9,
     "low": 8636.36,
     "close": 8640.56
   },
   {
     "date": "2020-01-22 16:00",
     "day": 22,
     "open": 8640.51,
     "high": 8650.69,
     "low": 8636.71,
     "close": 8638.3
   },
   {
     "date": "2020-01-22 17:00",
     "day": 23,
     "open": 8638.3,
     "high": 8664.12,
     "low": 8634.26,
     "close": 8662.13
   },
   {
     "date": "2020-01-22 18:00",
     "day": 23,
     "open": 8662.13,
     "high": 8666.63,
     "low": 8621.27,
     "close": 8637.16
   },
   {
     "date": "2020-01-22 19:00",
     "day": 23,
     "open": 8637.17,
     "high": 8640.58,
     "low": 8579.04,
     "close": 8579.06
   },
   {
     "date": "2020-01-22 20:00",
     "day": 23,
     "open": 8579.06,
     "high": 8589,
     "low": 8551.39,
     "close": 8575.51
   },
   {
     "date": "2020-01-22 21:00",
     "day": 23,
     "open": 8576.32,
     "high": 8579.88,
     "low": 8560.3,
     "close": 8565.97
   },
   {
     "date": "2020-01-22 22:00",
     "day": 23,
     "open": 8565.97,
     "high": 8574.66,
     "low": 8549.28,
     "close": 8559.31
   },
   {
     "date": "2020-01-22 23:00",
     "day": 23,
     "open": 8559.31,
     "high": 8559.31,
     "low": 8475.23,
     "close": 8528.36
   },
   {
     "date": "2020-01-23 00:00",
     "day": 23,
     "open": 8528.36,
     "high": 8539.42,
     "low": 8484.6,
     "close": 8506.52
   },
   {
     "date": "2020-01-23 01:00",
     "day": 23,
     "open": 8506.52,
     "high": 8570.21,
     "low": 8479.59,
     "close": 8558.26
   },
   {
     "date": "2020-01-23 02:00",
     "day": 23,
     "open": 8558.26,
     "high": 8595.91,
     "low": 8490.56,
     "close": 8490.75
   },
   {
     "date": "2020-01-23 03:00",
     "day": 23,
     "open": 8490.19,
     "high": 8492.44,
     "low": 8417.11,
     "close": 8418.72
   },
   {
     "date": "2020-01-23 04:00",
     "day": 23,
     "open": 8418.51,
     "high": 8427.52,
     "low": 8393.21,
     "close": 8415.8
   },
   {
     "date": "2020-01-23 05:00",
     "day": 23,
     "open": 8415.87,
     "high": 8436.9,
     "low": 8389.48,
     "close": 8395.97
   },
   {
     "date": "2020-01-23 06:00",
     "day": 23,
     "open": 8395.43,
     "high": 8443.84,
     "low": 8360.78,
     "close": 8391.37
   },
   {
     "date": "2020-01-23 07:00",
     "day": 23,
     "open": 8391.37,
     "high": 8391.37,
     "low": 8311.84,
     "close": 8324.31
   },
   {
     "date": "2020-01-23 08:00",
     "day": 23,
     "open": 8324.31,
     "high": 8354.97,
     "low": 8300.37,
     "close": 8337.81
   },
   {
     "date": "2020-01-23 09:00",
     "day": 23,
     "open": 8337.81,
     "high": 8365.97,
     "low": 8320.9,
     "close": 8334.43
   },
   {
     "date": "2020-01-23 10:00",
     "day": 23,
     "open": 8334,
     "high": 8342.93,
     "low": 8301.01,
     "close": 8321.58
   },
   {
     "date": "2020-01-23 11:00",
     "day": 23,
     "open": 8321.5,
     "high": 8347.3,
     "low": 8295.06,
     "close": 8303.83
   },
   {
     "date": "2020-01-23 12:00",
     "day": 23,
     "open": 8303.81,
     "high": 8329.62,
     "low": 8284.44,
     "close": 8312.82
   },
   {
     "date": "2020-01-23 13:00",
     "day": 23,
     "open": 8312.82,
     "high": 8351.92,
     "low": 8311.85,
     "close": 8348.57
   },
   {
     "date": "2020-01-23 14:00",
     "day": 23,
     "open": 8348.63,
     "high": 8358.95,
     "low": 8330.54,
     "close": 8358.18
   },
   {
     "date": "2020-01-23 15:00",
     "day": 23,
     "open": 8358.18,
     "high": 8412.33,
     "low": 8353.09,
     "close": 8386.12
   },
   {
     "date": "2020-01-23 16:00",
     "day": 23,
     "open": 8386.11,
     "high": 8425.51,
     "low": 8383.92,
     "close": 8398.46
   },
   {
     "date": "2020-01-23 17:00",
     "day": 24,
     "open": 8398.45,
     "high": 8401.81,
     "low": 8343.48,
     "close": 8389.76
   },
   {
     "date": "2020-01-23 18:00",
     "day": 24,
     "open": 8389.76,
     "high": 8397.8,
     "low": 8377.27,
     "close": 8395.19
   },
   {
     "date": "2020-01-23 19:00",
     "day": 24,
     "open": 8395.19,
     "high": 8400.43,
     "low": 8351.64,
     "close": 8353.45
   },
   {
     "date": "2020-01-23 20:00",
     "day": 24,
     "open": 8353.01,
     "high": 8353.69,
     "low": 8277.97,
     "close": 8292.56
   },
   {
     "date": "2020-01-23 21:00",
     "day": 24,
     "open": 8292.56,
     "high": 8335.09,
     "low": 8285.97,
     "close": 8317.01
   },
   {
     "date": "2020-01-23 22:00",
     "day": 24,
     "open": 8317.01,
     "high": 8337.49,
     "low": 8288.84,
     "close": 8296.65
   },
   {
     "date": "2020-01-23 23:00",
     "day": 24,
     "open": 8296.35,
     "high": 8324.87,
     "low": 8295.27,
     "close": 8308.39
   },
   {
     "date": "2020-01-24 00:00",
     "day": 24,
     "open": 8309.25,
     "high": 8334.14,
     "low": 8308.5,
     "close": 8332.69
   },
   {
     "date": "2020-01-24 01:00",
     "day": 24,
     "open": 8332.69,
     "high": 8335.92,
     "low": 8297.11,
     "close": 8318.62
   },
   {
     "date": "2020-01-24 02:00",
     "day": 24,
     "open": 8318.62,
     "high": 8327.57,
     "low": 8308.56,
     "close": 8313.79
   },
   {
     "date": "2020-01-24 03:00",
     "day": 24,
     "open": 8313.79,
     "high": 8319.36,
     "low": 8249.7,
     "close": 8250.67
   },
   {
     "date": "2020-01-24 04:00",
     "day": 24,
     "open": 8249.87,
     "high": 8289.74,
     "low": 8228.15,
     "close": 8232.98
   },
   {
     "date": "2020-01-24 05:00",
     "day": 24,
     "open": 8232.98,
     "high": 8388.14,
     "low": 8226.83,
     "close": 8387.16
   },
   {
     "date": "2020-01-24 06:00",
     "day": 24,
     "open": 8387.16,
     "high": 8429.72,
     "low": 8357.4,
     "close": 8419.88
   },
   {
     "date": "2020-01-24 07:00",
     "day": 24,
     "open": 8419.89,
     "high": 8457.59,
     "low": 8403.9,
     "close": 8448.39
   },
   {
     "date": "2020-01-24 08:00",
     "day": 24,
     "open": 8448.87,
     "high": 8485.04,
     "low": 8433.01,
     "close": 8456.92
   },
   {
     "date": "2020-01-24 09:00",
     "day": 24,
     "open": 8456.92,
     "high": 8497.83,
     "low": 8430.75,
     "close": 8491.43
   },
   {
     "date": "2020-01-24 10:00",
     "day": 24,
     "open": 8491.41,
     "high": 8507.18,
     "low": 8452.16,
     "close": 8452.16
   },
   {
     "date": "2020-01-24 11:00",
     "day": 24,
     "open": 8452.16,
     "high": 8470,
     "low": 8442.77,
     "close": 8465.01
   },
   {
     "date": "2020-01-24 12:00",
     "day": 24,
     "open": 8465.01,
     "high": 8490.46,
     "low": 8463.92,
     "close": 8478.22
   },
   {
     "date": "2020-01-24 13:00",
     "day": 24,
     "open": 8478.58,
     "high": 8511.71,
     "low": 8470.04,
     "close": 8495.75
   },
   {
     "date": "2020-01-24 14:00",
     "day": 24,
     "open": 8495.77,
     "high": 8504.6,
     "low": 8455.93,
     "close": 8477.3
   },
   {
     "date": "2020-01-24 15:00",
     "day": 24,
     "open": 8477.41,
     "high": 8505.48,
     "low": 8467.31,
     "close": 8502.04
   },
   {
     "date": "2020-01-24 16:00",
     "day": 24,
     "open": 8501.85,
     "high": 8503.6,
     "low": 8430.18,
     "close": 8449.97
   },
   {
     "date": "2020-01-24 17:00",
     "day": 27,
     "open": 8450.54,
     "high": 8458.96,
     "low": 8403.14,
     "close": 8434.42
   },
   {
     "date": "2020-01-24 18:00",
     "day": 27,
     "open": 8434.63,
     "high": 8435.62,
     "low": 8303.52,
     "close": 8303.68
   },
   {
     "date": "2020-01-24 19:00",
     "day": 27,
     "open": 8303.69,
     "high": 8318.03,
     "low": 8262.33,
     "close": 8278.65
   },
   {
     "date": "2020-01-24 20:00",
     "day": 27,
     "open": 8278.64,
     "high": 8311.52,
     "low": 8278.64,
     "close": 8310.88
   },
   {
     "date": "2020-01-24 21:00",
     "day": 27,
     "open": 8310.88,
     "high": 8329.41,
     "low": 8282.86,
     "close": 8286.41
   },
   {
     "date": "2020-01-24 22:00",
     "day": 27,
     "open": 8286.41,
     "high": 8315.56,
     "low": 8278.43,
     "close": 8300.83
   },
   {
     "date": "2020-01-24 23:00",
     "day": 27,
     "open": 8300.83,
     "high": 8316.47,
     "low": 8281.66,
     "close": 8312.7
   },
   {
     "date": "2020-01-25 00:00",
     "day": 27,
     "open": 8312.84,
     "high": 8334.72,
     "low": 8310.04,
     "close": 8318.02
   },
   {
     "date": "2020-01-25 01:00",
     "day": 27,
     "open": 8318.02,
     "high": 8329.95,
     "low": 8296.67,
     "close": 8298.88
   },
   {
     "date": "2020-01-25 02:00",
     "day": 27,
     "open": 8298.97,
     "high": 8364.03,
     "low": 8297.58,
     "close": 8356.05
   },
   {
     "date": "2020-01-25 03:00",
     "day": 27,
     "open": 8356.24,
     "high": 8356.96,
     "low": 8320.29,
     "close": 8329.79
   },
   {
     "date": "2020-01-25 04:00",
     "day": 27,
     "open": 8329.79,
     "high": 8343.21,
     "low": 8301.88,
     "close": 8318.49
   },
   {
     "date": "2020-01-25 05:00",
     "day": 27,
     "open": 8318.49,
     "high": 8325.23,
     "low": 8301.08,
     "close": 8303.82
   },
   {
     "date": "2020-01-25 06:00",
     "day": 27,
     "open": 8303.82,
     "high": 8317.48,
     "low": 8288.16,
     "close": 8288.73
   },
   {
     "date": "2020-01-25 07:00",
     "day": 27,
     "open": 8288.73,
     "high": 8342.2,
     "low": 8286.44,
     "close": 8309.56
   },
   {
     "date": "2020-01-25 08:00",
     "day": 27,
     "open": 8309.56,
     "high": 8334.68,
     "low": 8309.56,
     "close": 8309.61
   },
   {
     "date": "2020-01-25 09:00",
     "day": 27,
     "open": 8309.61,
     "high": 8325.5,
     "low": 8299.82,
     "close": 8325.24
   },
   {
     "date": "2020-01-25 10:00",
     "day": 27,
     "open": 8325.23,
     "high": 8342.42,
     "low": 8321.6,
     "close": 8341.28
   },
   {
     "date": "2020-01-25 11:00",
     "day": 27,
     "open": 8341.28,
     "high": 8352.24,
     "low": 8321.63,
     "close": 8326.51
   },
   {
     "date": "2020-01-25 12:00",
     "day": 27,
     "open": 8326.51,
     "high": 8332.07,
     "low": 8317.6,
     "close": 8329.77
   },
   {
     "date": "2020-01-25 13:00",
     "day": 27,
     "open": 8329.77,
     "high": 8359.96,
     "low": 8328.47,
     "close": 8352.23
   },
   {
     "date": "2020-01-25 14:00",
     "day": 27,
     "open": 8352.23,
     "high": 8359.15,
     "low": 8345.06,
     "close": 8355.03
   },
   {
     "date": "2020-01-25 15:00",
     "day": 27,
     "open": 8355.03,
     "high": 8406.85,
     "low": 8355.03,
     "close": 8376.33
   },
   {
     "date": "2020-01-25 16:00",
     "day": 27,
     "open": 8376.43,
     "high": 8404.9,
     "low": 8339.27,
     "close": 8347.64
   },
   {
     "date": "2020-01-25 17:00",
     "day": 27,
     "open": 8348.56,
     "high": 8369.69,
     "low": 8335.55,
     "close": 8336.04
   },
   {
     "date": "2020-01-25 18:00",
     "day": 27,
     "open": 8335.4,
     "high": 8335.4,
     "low": 8295.52,
     "close": 8314.15
   },
   {
     "date": "2020-01-25 19:00",
     "day": 27,
     "open": 8314.15,
     "high": 8335.18,
     "low": 8308.56,
     "close": 8324.18
   },
   {
     "date": "2020-01-25 20:00",
     "day": 27,
     "open": 8324.18,
     "high": 8324.28,
     "low": 8307.76,
     "close": 8310.03
   },
   {
     "date": "2020-01-25 21:00",
     "day": 27,
     "open": 8309.99,
     "high": 8353.69,
     "low": 8306.65,
     "close": 8347.91
   },
   {
     "date": "2020-01-25 22:00",
     "day": 27,
     "open": 8347.88,
     "high": 8350.59,
     "low": 8333.97,
     "close": 8346.04
   },
   {
     "date": "2020-01-25 23:00",
     "day": 27,
     "open": 8346.01,
     "high": 8374.26,
     "low": 8344.62,
     "close": 8361.3
   },
   {
     "date": "2020-01-26 00:00",
     "day": 27,
     "open": 8361.29,
     "high": 8375.61,
     "low": 8334.14,
     "close": 8343.55
   },
   {
     "date": "2020-01-26 01:00",
     "day": 27,
     "open": 8343.55,
     "high": 8373.64,
     "low": 8332.37,
     "close": 8373.55
   },
   {
     "date": "2020-01-26 02:00",
     "day": 27,
     "open": 8373.57,
     "high": 8459.3,
     "low": 8371.89,
     "close": 8395.02
   },
   {
     "date": "2020-01-26 03:00",
     "day": 27,
     "open": 8395.02,
     "high": 8411.19,
     "low": 8380.89,
     "close": 8395.86
   },
   {
     "date": "2020-01-26 04:00",
     "day": 27,
     "open": 8395.86,
     "high": 8436.42,
     "low": 8389.9,
     "close": 8430.33
   },
   {
     "date": "2020-01-26 05:00",
     "day": 27,
     "open": 8430.3,
     "high": 8462.12,
     "low": 8416.17,
     "close": 8459.4
   },
   {
     "date": "2020-01-26 06:00",
     "day": 27,
     "open": 8459.41,
     "high": 8463.12,
     "low": 8430.97,
     "close": 8444.98
   },
   {
     "date": "2020-01-26 07:00",
     "day": 27,
     "open": 8444.98,
     "high": 8459.92,
     "low": 8428.32,
     "close": 8431.01
   },
   {
     "date": "2020-01-26 08:00",
     "day": 27,
     "open": 8431.01,
     "high": 8456.17,
     "low": 8421.92,
     "close": 8444.85
   },
   {
     "date": "2020-01-26 09:00",
     "day": 27,
     "open": 8444.86,
     "high": 8461.49,
     "low": 8428.85,
     "close": 8435.04
   },
   {
     "date": "2020-01-26 10:00",
     "day": 27,
     "open": 8435.04,
     "high": 8492.47,
     "low": 8434.85,
     "close": 8489.02
   },
   {
     "date": "2020-01-26 11:00",
     "day": 27,
     "open": 8489.02,
     "high": 8574.86,
     "low": 8481.58,
     "close": 8563.04
   },
   {
     "date": "2020-01-26 12:00",
     "day": 27,
     "open": 8564.89,
     "high": 8593.63,
     "low": 8556.78,
     "close": 8566.12
   },
   {
     "date": "2020-01-26 13:00",
     "day": 27,
     "open": 8566,
     "high": 8566.38,
     "low": 8533.52,
     "close": 8549.35
   },
   {
     "date": "2020-01-26 14:00",
     "day": 27,
     "open": 8549.35,
     "high": 8590.12,
     "low": 8549.04,
     "close": 8557.98
   },
   {
     "date": "2020-01-26 15:00",
     "day": 27,
     "open": 8557.98,
     "high": 8592.77,
     "low": 8556.54,
     "close": 8587.97
   },
   {
     "date": "2020-01-26 16:00",
     "day": 27,
     "open": 8587.96,
     "high": 8595.9,
     "low": 8543.93,
     "close": 8565.96
   },
   {
     "date": "2020-01-26 17:00",
     "day": 27,
     "open": 8565.96,
     "high": 8600.33,
     "low": 8558.01,
     "close": 8598.29
   },
   {
     "date": "2020-01-26 18:00",
     "day": 27,
     "open": 8598.29,
     "high": 8683.83,
     "low": 8598.29,
     "close": 8650.63
   },
   {
     "date": "2020-01-26 19:00",
     "day": 27,
     "open": 8650.63,
     "high": 8667.92,
     "low": 8639.88,
     "close": 8641.32
   },
   {
     "date": "2020-01-26 20:00",
     "day": 27,
     "open": 8641.59,
     "high": 8646.81,
     "low": 8620.68,
     "close": 8637.51
   },
   {
     "date": "2020-01-26 21:00",
     "day": 27,
     "open": 8637.52,
     "high": 8659.66,
     "low": 8627.06,
     "close": 8651
   },
   {
     "date": "2020-01-26 22:00",
     "day": 27,
     "open": 8651,
     "high": 8661.89,
     "low": 8615.19,
     "close": 8623.4
   },
   {
     "date": "2020-01-26 23:00",
     "day": 27,
     "open": 8623.4,
     "high": 8639.04,
     "low": 8613.06,
     "close": 8635.82
   },
   {
     "date": "2020-01-27 00:00",
     "day": 27,
     "open": 8635.82,
     "high": 8644.13,
     "low": 8622.76,
     "close": 8644.13
   },
   {
     "date": "2020-01-27 01:00",
     "day": 27,
     "open": 8644.14,
     "high": 8651.11,
     "low": 8637.27,
     "close": 8644.59
   },
   {
     "date": "2020-01-27 02:00",
     "day": 27,
     "open": 8644.49,
     "high": 8644.49,
     "low": 8571.76,
     "close": 8585.03
   },
   {
     "date": "2020-01-27 03:00",
     "day": 27,
     "open": 8585.03,
     "high": 8631.84,
     "low": 8576.52,
     "close": 8621.3
   },
   {
     "date": "2020-01-27 04:00",
     "day": 27,
     "open": 8621.17,
     "high": 8643.55,
     "low": 8617.15,
     "close": 8621.65
   }
 ]