[
  {
    "name": "Endless Road",
    "uri": "https://firebasestorage.googleapis.com/v0/b/react-native-e.appspot.com/o/albums%2Fgo-get-gone%2FEndless%20Road.m4a?alt=media&token=fd6103ba-7ef4-4ddf-a4fd-4d84c4352f88"
  },
  {
    "name": "Train's Leaving",
    "uri": "https://firebasestorage.googleapis.com/v0/b/react-native-e.appspot.com/o/albums%2Fgo-get-gone%2FTrain's%20Leaving.m4a?alt=media&token=e49b92a1-7f95-4d0c-afeb-54d6b6c525d3"
  },
  {
    "name": "Miss You Already",
    "uri": "https://firebasestorage.googleapis.com/v0/b/react-native-e.appspot.com/o/albums%2Fgo-get-gone%2FMiss%20You%20Already.m4a?alt=media&token=d8ed95ad-5bc9-4e5e-809c-3208fe6c7a59"
  },
  {
    "name": "Don't Waste Your Heart on Me",
    "uri": "https://firebasestorage.googleapis.com/v0/b/react-native-e.appspot.com/o/albums%2Fgo-get-gone%2FDon't%20Waste%20Your%20Heart%20on%20Me.m4a?alt=media&token=90590658-a6a1-41c1-ab0d-79a7fb7be78d"
  },
  {
    "name": "She Don't Live Here",
    "uri": "https://firebasestorage.googleapis.com/v0/b/react-native-e.appspot.com/o/albums%2Fgo-get-gone%2FShe%20Don't%20Live%20Here.m4a?alt=media&token=e51fcf19-fa8e-4507-a279-157546261959"
  },
  {
    "name": "Bless Your Heart",
    "uri": "https://firebasestorage.googleapis.com/v0/b/react-native-e.appspot.com/o/albums%2Fgo-get-gone%2FBless%20Your%20Heart.m4a?alt=media&token=cb97b902-464b-48bc-b477-60ab3315a19a"
  },
  {
    "name": "Light Oh Light",
    "uri": "https://firebasestorage.googleapis.com/v0/b/react-native-e.appspot.com/o/albums%2Fgo-get-gone%2FLight%20Oh%20Light.m4a?alt=media&token=9d15eb55-6d05-465e-8431-9b3df33426ef"
  },
  {
    "name": "Passport",
    "uri": "https://firebasestorage.googleapis.com/v0/b/react-native-e.appspot.com/o/albums%2Fgo-get-gone%2FPassport.m4a?alt=media&token=517ac1ab-84cd-4956-bbe8-78083477a767"
  },
  {
    "name": "Things Always Work Out",
    "uri": "https://firebasestorage.googleapis.com/v0/b/react-native-e.appspot.com/o/albums%2Fgo-get-gone%2FThings%20Always%20Work%20Out.m4a?alt=media&token=e83ecfa1-97be-4971-9b60-5f9cbecdea74"
  },
  {
    "name": "Someday Soon",
    "uri": "https://firebasestorage.googleapis.com/v0/b/react-native-e.appspot.com/o/albums%2Fgo-get-gone%2FSomeday%20Soon.m4a?alt=media&token=70b02feb-7c8c-45ce-8e71-2b2a7b1e0165"
  }
]
