[
    {
        "name": "Hearts Were Gold",
        "uri": "https://firebasestorage.googleapis.com/v0/b/react-native-e.appspot.com/o/albums%2Fhearts-were-gold%2F01%20-%20Hearts%20Were%20Gold.mp3?alt=media&token=773ced4e-5636-4981-863f-cf3d46d50e24"
    },
    {
        "name": "Love You Again",
        "uri": "https://firebasestorage.googleapis.com/v0/b/react-native-e.appspot.com/o/albums%2Fhearts-were-gold%2F02%20-%20Love%20You%20Again.mp3?alt=media&token=f6b79c95-4e36-4e35-b3e4-4f8194508e3d"
    },
    {
        "name": "Time is Everything",
        "uri": "https://firebasestorage.googleapis.com/v0/b/react-native-e.appspot.com/o/albums%2Fhearts-were-gold%2F03%20-%20Time%20is%20everything.mp3?alt=media&token=4eda97b4-e569-450e-9abd-5f6553ed41a7"
    },
    {
        "name": "Why You Giving Up",
        "uri": "https://firebasestorage.googleapis.com/v0/b/react-native-e.appspot.com/o/albums%2Fhearts-were-gold%2F04%20-%20Why%20You%20Giving%20Up.mp3?alt=media&token=6b9b35b9-7892-41aa-8de2-d90ed58b8070"
    },
    {
        "name": "Move On",
        "uri": "https://firebasestorage.googleapis.com/v0/b/react-native-e.appspot.com/o/albums%2Fhearts-were-gold%2F05%20-%20Move%20On.mp3?alt=media&token=c26d1999-661c-4546-a073-1a631714a32b"
    },
    {
        "name": "Get Away from the Fire",
        "uri": "https://firebasestorage.googleapis.com/v0/b/react-native-e.appspot.com/o/albums%2Fhearts-were-gold%2F06%20-%20Get%20Away%20From%20The%20Fire.mp3?alt=media&token=58540b62-d8b1-44d1-955f-9a3bdb31d906"
    },
    {
        "name": "Finding Myself",
        "uri": "https://firebasestorage.googleapis.com/v0/b/react-native-e.appspot.com/o/albums%2Fhearts-were-gold%2F07%20-%20Finding%20Myself.mp3?alt=media&token=c09f227b-5c7f-434a-88d6-0426d0e16623"
    },
    {
        "name": "Lies Between These Eyes",
        "uri": "https://firebasestorage.googleapis.com/v0/b/react-native-e.appspot.com/o/albums%2Fhearts-were-gold%2F08%20-%20Lies%20Between%20These%20Eyes.mp3?alt=media&token=d244fb1c-b414-4f4a-959d-4944d265123f"
    },
    {
        "name": "Living In The Shadows",
        "uri": "https://firebasestorage.googleapis.com/v0/b/react-native-e.appspot.com/o/albums%2Fhearts-were-gold%2F09%20-%20Living%20In%20The%20Shadows.mp3?alt=media&token=deeaf40f-f2f8-4dc2-8477-4f7a2728ba60"
    },
    {
        "name": "Give Me a Little",
        "uri": "https://firebasestorage.googleapis.com/v0/b/react-native-e.appspot.com/o/albums%2Fhearts-were-gold%2F10%20-%20Give%20Me%20A%20Little.mp3?alt=media&token=6bff0df9-e068-4fbe-a2f8-f510cda2e10c"
    }
]
