[
  {
    "name": "Aoede",
    "uri": "https://firebasestorage.googleapis.com/v0/b/react-native-e.appspot.com/o/albums%2Fibn-el-leil%2FAoede.m4a?alt=media&token=5cb62091-0ca7-46d8-8f4d-4f4eafd4f43e"
  },
  {
    "name": "3 Minutes",
    "uri": "https://firebasestorage.googleapis.com/v0/b/react-native-e.appspot.com/o/albums%2Fibn-el-leil%2F3%20Minutes.m4a?alt=media&token=88974fcd-0f59-4263-8b7a-9456e7be4804"
  },
  {
    "name": "Djin",
    "uri": "https://firebasestorage.googleapis.com/v0/b/react-native-e.appspot.com/o/albums%2Fibn-el-leil%2FDjin.m4a?alt=media&token=8d7167ef-89e7-48fa-b250-54f005347d48"
  },
  {
    "name": "Icarus (Interlude)",
    "uri": "https://firebasestorage.googleapis.com/v0/b/react-native-e.appspot.com/o/albums%2Fibn-el-leil%2FIcarus%20(Interlude).m4a?alt=media&token=69703daa-9567-4dd2-91a4-9e54d8dd21c3"
  },
  {
    "name": "Icarus",
    "uri": "https://firebasestorage.googleapis.com/v0/b/react-native-e.appspot.com/o/albums%2Fibn-el-leil%2FIcarus.m4a?alt=media&token=052f2045-ba48-4d07-b952-47bae7fc0a84"
  },
  {
    "name": "Maghawir (Demo) [Interlude]",
    "uri": "https://firebasestorage.googleapis.com/v0/b/react-native-e.appspot.com/o/albums%2Fibn-el-leil%2FMaghawir%20(Demo)%20%5BInterlude%5D.m4a?alt=media&token=293784d3-9abb-4efc-84dc-a1678d52594d"
  },
  {
    "name": "Maghawir",
    "uri": "https://firebasestorage.googleapis.com/v0/b/react-native-e.appspot.com/o/albums%2Fibn-el-leil%2FMaghawir.m4a?alt=media&token=96df6d92-7dd9-4c84-ae39-3c9f21685bc6"
  },
  {
    "name": "Tayf (Ghost) [Demo] [Interlude]",
    "uri": "https://firebasestorage.googleapis.com/v0/b/react-native-e.appspot.com/o/albums%2Fibn-el-leil%2FTayf%20(Ghost)%20%5BDemo%5D%20%5BInterlude%5D.m4a?alt=media&token=c9236a53-2f17-4d48-b0ea-a3a95953e37d"
  },
  {
    "name": "Tayf (Ghost)",
    "uri": "https://firebasestorage.googleapis.com/v0/b/react-native-e.appspot.com/o/albums%2Fibn-el-leil%2FTayf%20(Ghost).m4a?alt=media&token=858eddf6-e363-4045-bdc6-1615f0716521"
  },
  {
    "name": "Falyakon",
    "uri": "https://firebasestorage.googleapis.com/v0/b/react-native-e.appspot.com/o/albums%2Fibn-el-leil%2FFalyakon.m4a?alt=media&token=f535f554-2dab-476e-8ecb-14634bbe2382"
  },
  {
    "name": "Bint El Khandaq",
    "uri": "https://firebasestorage.googleapis.com/v0/b/react-native-e.appspot.com/o/albums%2Fibn-el-leil%2FBint%20El%20Khandaq.m4a?alt=media&token=42e2c41e-0ffd-4203-849e-2185fb3a3979"
  },
  {
    "name": "Asnam (Idols)",
    "uri": "https://firebasestorage.googleapis.com/v0/b/react-native-e.appspot.com/o/albums%2Fibn-el-leil%2FAsnam%20(Idols).m4a?alt=media&token=44ed6eca-0e7f-4342-b25c-94579e9b4044"
  },
  {
    "name": "Sadalsuud",
    "uri": "https://firebasestorage.googleapis.com/v0/b/react-native-e.appspot.com/o/albums%2Fibn-el-leil%2FSadalsuud.m4a?alt=media&token=cc81342c-25c4-4b24-825f-0daadc138209"
  },
  {
    "name": "Ashabi (Demo) [Interlude]",
    "uri": "https://firebasestorage.googleapis.com/v0/b/react-native-e.appspot.com/o/albums%2Fibn-el-leil%2FAshabi%20(Demo)%20%5BInterlude%5D.m4a?alt=media&token=49970b5c-0d71-4efc-809f-d35c4e759e28"
  },
  {
    "name": "Ashabi",
    "uri": "https://firebasestorage.googleapis.com/v0/b/react-native-e.appspot.com/o/albums%2Fibn-el-leil%2FAshabi.m4a?alt=media&token=8c946054-df5b-43f6-a86b-b664ad31af3f"
  },
  {
    "name": "Marrikh",
    "uri": "https://firebasestorage.googleapis.com/v0/b/react-native-e.appspot.com/o/albums%2Fibn-el-leil%2FMarrikh.m4a?alt=media&token=0cdf626e-7b2b-4e77-b54c-6fb334176cc9"
  },
  {
    "name": "Roman",
    "uri": "https://firebasestorage.googleapis.com/v0/b/react-native-e.appspot.com/o/albums%2Fibn-el-leil%2FRoman.m4a?alt=media&token=aefaba27-e362-4b84-9300-5782d726f9da"
  },
  {
    "name": "Marrikh (Assembly Hall Version)",
    "uri": "https://firebasestorage.googleapis.com/v0/b/react-native-e.appspot.com/o/albums%2Fibn-el-leil%2FMarrikh%20(Assembly%20Hall%20Version).m4a?alt=media&token=4656780c-411c-4d2d-ab1d-bfb46d1cd0a9"
  },
  {
    "name": "Maghawir (Orlando Version)",
    "uri": "https://firebasestorage.googleapis.com/v0/b/react-native-e.appspot.com/o/albums%2Fibn-el-leil%2FMaghawir%20(Orlando%20Version).m4a?alt=media&token=74f29332-2d97-429d-9df8-c029c989efd8"
  },
  {
    "name": "Ashabi (Greenpeace Version)",
    "uri": "https://firebasestorage.googleapis.com/v0/b/react-native-e.appspot.com/o/albums%2Fibn-el-leil%2FAshabi%20(Greenpeace%20Version).m4a?alt=media&token=95d4ed58-7859-4351-9980-887b2c7bef2f"
  }
]
