[
  {
    "name": "Gosh",
    "uri": "https://firebasestorage.googleapis.com/v0/b/react-native-e.appspot.com/o/albums%2Fin-colour%2FGosh.m4a?alt=media&token=aec3cae3-6db7-47cb-a48f-b15d9203c59e"
  },
  {
    "name": "Sleep Sound",
    "uri": "https://firebasestorage.googleapis.com/v0/b/react-native-e.appspot.com/o/albums%2Fin-colour%2FSleep%20Sound.m4a?alt=media&token=8127ddc4-c055-4a7a-b223-75ed66c7b6df"
  },
  {
    "name": "SeeSaw (feat. Romy)",
    "uri": "https://firebasestorage.googleapis.com/v0/b/react-native-e.appspot.com/o/albums%2Fin-colour%2FSeeSaw%20(feat.%20Romy).m4a?alt=media&token=7475cf75-30b1-4111-a1f7-20660058e168"
  },
  {
    "name": "Obvs",
    "uri": "https://firebasestorage.googleapis.com/v0/b/react-native-e.appspot.com/o/albums%2Fin-colour%2FObvs.m4a?alt=media&token=cee338f0-e457-4a48-b7ab-170bc0f17d39"
  },
  {
    "name": "Just Saying",
    "uri": "https://firebasestorage.googleapis.com/v0/b/react-native-e.appspot.com/o/albums%2Fin-colour%2FJust%20Saying.m4a?alt=media&token=e5640772-6875-41ca-ab72-6f42590fa47d"
  },
  {
    "name": "Stranger In a Room (feat. Oliver Sim)",
    "uri": "https://firebasestorage.googleapis.com/v0/b/react-native-e.appspot.com/o/albums%2Fin-colour%2FStranger%20In%20a%20Room%20(feat.%20Oliver%20Sim).m4a?alt=media&token=d2f8a519-e363-4ef9-877d-8fed54b22eb3"
  },
  {
    "name": "Hold Tight",
    "uri": "https://firebasestorage.googleapis.com/v0/b/react-native-e.appspot.com/o/albums%2Fin-colour%2FHold%20Tight.m4a?alt=media&token=437a2af2-f82c-4dde-a9d8-74b47dc2bd08"
  },
  {
    "name": "Loud Places (feat. Romy)",
    "uri": "https://firebasestorage.googleapis.com/v0/b/react-native-e.appspot.com/o/albums%2Fin-colour%2FLoud%20Places%20(feat.%20Romy).m4a?alt=media&token=17b59815-463d-4e40-8e52-1159b4837b3b"
  },
  {
    "name": "I Know There's Gonna Be (Good Times) [feat. Young Thug & Popcaan]",
    "uri": "https://firebasestorage.googleapis.com/v0/b/react-native-e.appspot.com/o/albums%2Fin-colour%2FI%20Know%20There's%20Gonna%20Be%20(Good%20Times)%20%5Bfeat.%20Young%20Thug%20%26%20Popcaan%5D.m4a?alt=media&token=abe318da-8d1f-45ae-8a58-05c77ab9e9a9"
  },
  {
    "name": "The Rest Is Noise",
    "uri": "https://firebasestorage.googleapis.com/v0/b/react-native-e.appspot.com/o/albums%2Fin-colour%2FThe%20Rest%20Is%20Noise.m4a?alt=media&token=c0790b80-4351-44a7-8465-7fe39b381a0a"
  },
  {
    "name": "Girl",
    "uri": "https://firebasestorage.googleapis.com/v0/b/react-native-e.appspot.com/o/albums%2Fin-colour%2FGirl.m4a?alt=media&token=a54921b7-4059-4ca6-ba36-bde85e36e8c2"
  }
]
