[
  {
    "name": "Johanna",
    "uri": "https://firebasestorage.googleapis.com/v0/b/react-native-e.appspot.com/o/albums%2Fmountains%2FJohanna.m4a?alt=media&token=559f3c49-cb6d-46f9-8fac-db727c09b2e2"
  },
  {
    "name": "Mountains",
    "uri": "https://firebasestorage.googleapis.com/v0/b/react-native-e.appspot.com/o/albums%2Fmountains%2FMountains.m4a?alt=media&token=dabb3578-4e38-490b-b8a0-649284e1ce49"
  },
  {
    "name": "Kick Your Feet Up",
    "uri": "https://firebasestorage.googleapis.com/v0/b/react-native-e.appspot.com/o/albums%2Fmountains%2FKick%20Your%20Feet%20Up.m4a?alt=media&token=10e39e64-b2fc-40b2-8ed2-a740cbee37e2"
  },
  {
    "name": "Bluebird",
    "uri": "https://firebasestorage.googleapis.com/v0/b/react-native-e.appspot.com/o/albums%2Fmountains%2FBluebird.m4a?alt=media&token=b2a31457-561c-48e8-ba39-86d4af293972"
  },
  {
    "name": "Boatload of Worry",
    "uri": "https://firebasestorage.googleapis.com/v0/b/react-native-e.appspot.com/o/albums%2Fmountains%2FBoatload%20of%20Worry.m4a?alt=media&token=2bb4e75c-f674-413b-bdf5-7c4da363400e"
  },
  {
    "name": "Way Back When",
    "uri": "https://firebasestorage.googleapis.com/v0/b/react-native-e.appspot.com/o/albums%2Fmountains%2FWay%20Back%20When.m4a?alt=media&token=88abc942-9170-448b-a5e8-93ce1062068d"
  }
]
