[
  {
    "name": "Bones",
    "uri": "https://firebasestorage.googleapis.com/v0/b/react-native-e.appspot.com/o/albums%2Fpyk%2FBones.m4a?alt=media&token=fbf6e0cd-344e-46eb-b59a-50da8c8abe92"
  },
  {
    "name": "U",
    "uri": "https://firebasestorage.googleapis.com/v0/b/react-native-e.appspot.com/o/albums%2Fpyk%2FU.m4a?alt=media&token=b5143b99-59a8-4122-9caf-913d787d9d0a"
  },
  {
    "name": "The 1",
    "uri": "https://firebasestorage.googleapis.com/v0/b/react-native-e.appspot.com/o/albums%2Fpyk%2FThe%201.m4a?alt=media&token=716dfc6e-73b3-4a13-8976-38c0d008fa24"
  }
]
