[
  {
    "name": "Dare (La La La)",
    "uri": "https://firebasestorage.googleapis.com/v0/b/react-native-e.appspot.com/o/albums%2Fshakira%2FDare%20(La%20La%20La).m4a?alt=media&token=372dc230-ff0f-495b-9b51-e7c146bd194a"
  },
  {
    "name": "Can't Remember to Forget You (feat. Rihanna)",
    "uri": "https://firebasestorage.googleapis.com/v0/b/react-native-e.appspot.com/o/albums%2Fshakira%2FCan't%20Remember%20to%20Forget%20You%20(feat.%20Rihanna).m4a?alt=media&token=618e448f-97f4-4693-b92c-633ce8a9c043"
  },
  {
    "name": "Empire",
    "uri": "https://firebasestorage.googleapis.com/v0/b/react-native-e.appspot.com/o/albums%2Fshakira%2FEmpire.m4a?alt=media&token=717c0c78-d72e-4fea-b675-ce80bd621ee1"
  },
  {
    "name": "You Don't Care About Me",
    "uri": "https://firebasestorage.googleapis.com/v0/b/react-native-e.appspot.com/o/albums%2Fshakira%2FYou%20Don't%20Care%20About%20Me.m4a?alt=media&token=0b6aa498-7613-44b5-ad59-ee23ca48cf0d"
  },
  {
    "name": "Cut Me Deep (feat. MAGIC!)",
    "uri": "https://firebasestorage.googleapis.com/v0/b/react-native-e.appspot.com/o/albums%2Fshakira%2FCut%20Me%20Deep%20(feat.%20MAGIC!).m4a?alt=media&token=0e772036-0875-4034-98b5-97813cacd2d7"
  },
  {
    "name": "Spotlight",
    "uri": "https://firebasestorage.googleapis.com/v0/b/react-native-e.appspot.com/o/albums%2Fshakira%2FSpotlight.m4a?alt=media&token=e2551472-a408-4896-9973-e3f3a6693787"
  },
  {
    "name": "Broken Record",
    "uri": "https://firebasestorage.googleapis.com/v0/b/react-native-e.appspot.com/o/albums%2Fshakira%2FBroken%20Record.m4a?alt=media&token=98a4a792-e8a4-4929-a657-cdeae3f5e75b"
  },
  {
    "name": "Medicine (feat. Blake Shelton)",
    "uri": "https://firebasestorage.googleapis.com/v0/b/react-native-e.appspot.com/o/albums%2Fshakira%2FMedicine%20(feat.%20Blake%20Shelton).m4a?alt=media&token=f3b12893-9841-4b5c-b454-bd319722371b"
  },
  {
    "name": "23",
    "uri": "https://firebasestorage.googleapis.com/v0/b/react-native-e.appspot.com/o/albums%2Fshakira%2F23.m4a?alt=media&token=fec6acdd-99a1-494c-ac56-8fb1326c7121"
  },
  {
    "name": "The One Thing",
    "uri": "https://firebasestorage.googleapis.com/v0/b/react-native-e.appspot.com/o/albums%2Fshakira%2FThe%20One%20Thing.m4a?alt=media&token=701a6063-cdc6-4b40-bc97-62389014087d"
  },
  {
    "name": "Nunca Me Acuerdo de Olvidarte",
    "uri": "https://firebasestorage.googleapis.com/v0/b/react-native-e.appspot.com/o/albums%2Fshakira%2FNunca%20Me%20Acuerdo%20de%20Olvidarte.m4a?alt=media&token=9b9240d2-d525-46b4-ab06-d4163e9ff5d0"
  },
  {
    "name": "Loca por Ti",
    "uri": "https://firebasestorage.googleapis.com/v0/b/react-native-e.appspot.com/o/albums%2Fshakira%2FLoca%20por%20Ti.m4a?alt=media&token=e0679b22-81ee-4fcb-aaed-bbb16c72dbe7"
  }
]
